subject,rho,pval,zscore,task,dataset,age,age_months,movie_FD,Age,AgeGroup1,sex,Unnamed: 0,session
sub-127,0.250200899470443,0.0009990009990009,4.982019027869536,black,narratives,32.0,384.0,,,,,,
sub-265,0.2505681684810018,0.0009990009990009,5.019421307544139,black,narratives,20.0,240.0,,,,,,
sub-267,0.3335511857229775,0.0009990009990009,6.868484570073117,black,narratives,27.0,324.0,,,,,,
sub-272,-0.128539001115339,0.0069930069930069,-2.751928938509802,black,narratives,19.0,228.0,,,,,,
sub-273,0.2545288363785856,0.0009990009990009,4.9641212036931055,black,narratives,20.0,240.0,,,,,,
sub-274,0.220993752270819,0.0009990009990009,4.464014450693028,black,narratives,50.0,600.0,,,,,,
sub-275,0.2824285111111793,0.0009990009990009,5.724021844645975,black,narratives,19.0,228.0,,,,,,
sub-276,0.3975028358208567,0.0009990009990009,8.269124937345001,black,narratives,21.0,252.0,,,,,,
sub-277,-0.0065248419630667,0.8961038961038961,-0.1254594991002464,black,narratives,19.0,228.0,,,,,,
sub-279,0.2510111254875281,0.0009990009990009,5.001898824820872,black,narratives,20.0,240.0,,,,,,
sub-281,0.1560004801579845,0.0029970029970029,3.321331944438753,black,narratives,22.0,264.0,,,,,,
sub-282,0.2116760724664269,0.0009990009990009,4.184011019281641,black,narratives,19.0,228.0,,,,,,
sub-283,0.2460842656156644,0.0009990009990009,5.056762018321972,black,narratives,19.0,228.0,,,,,,
sub-284,0.3995754799127071,0.0009990009990009,8.201296665439653,black,narratives,21.0,252.0,,,,,,
sub-285,0.213878940722187,0.0009990009990009,4.216316605225895,black,narratives,22.0,264.0,,,,,,
sub-286,0.2258910723184482,0.0009990009990009,4.600046029796957,black,narratives,18.0,216.0,,,,,,
sub-287,0.0701389930677245,0.1538461538461538,1.4027588193904013,black,narratives,21.0,252.0,,,,,,
sub-288,0.3033400980393491,0.0009990009990009,5.930412607523073,black,narratives,25.0,300.0,,,,,,
sub-289,0.2563136300615424,0.0009990009990009,5.1814671335938085,black,narratives,18.0,216.0,,,,,,
sub-290,0.3686290176532526,0.0009990009990009,7.484147518706866,black,narratives,26.0,312.0,,,,,,
sub-291,0.2831688866910865,0.0009990009990009,5.373585140050693,black,narratives,18.0,216.0,,,,,,
sub-292,0.1834996257042201,0.0029970029970029,3.506169797859981,black,narratives,18.0,216.0,,,,,,
sub-293,0.2899554732219904,0.0009990009990009,5.666964947193192,black,narratives,20.0,240.0,,,,,,
sub-294,0.2227663473538092,0.0009990009990009,4.6012931751917,black,narratives,19.0,228.0,,,,,,
sub-295,0.0672522274597456,0.1598401598401598,1.3603537967809676,black,narratives,18.0,216.0,,,,,,
sub-296,-0.0169348118216779,0.7412587412587412,-0.2952892483440171,black,narratives,38.0,456.0,,,,,,
sub-297,0.2726895359265188,0.0009990009990009,5.501236035963176,black,narratives,21.0,252.0,,,,,,
sub-299,0.2199388314727795,0.0009990009990009,4.515481933386365,black,narratives,18.0,216.0,,,,,,
sub-300,0.2586272701774066,0.0009990009990009,5.2347587966189,black,narratives,53.0,636.0,,,,,,
sub-301,0.3605657250298341,0.0009990009990009,7.132051755606353,black,narratives,19.0,228.0,,,,,,
sub-302,0.2487000077345393,0.0009990009990009,5.005446678909535,black,narratives,18.0,216.0,,,,,,
sub-304,0.2907441727802908,0.0009990009990009,6.053646230292429,black,narratives,25.0,300.0,,,,,,
sub-307,0.2560875243707256,0.0009990009990009,5.098291217704865,black,narratives,20.0,240.0,,,,,,
sub-308,0.2879724604489468,0.0009990009990009,5.827677281900953,black,narratives,22.0,264.0,,,,,,
sub-310,0.3285452863990347,0.0009990009990009,6.674912552079915,black,narratives,28.0,336.0,,,,,,
sub-311,0.0695690301331867,0.1698301698301698,1.3740888998714451,black,narratives,22.0,264.0,,,,,,
sub-312,0.2629537069959114,0.0009990009990009,5.482918521034166,black,narratives,19.0,228.0,,,,,,
sub-313,0.2391807307360611,0.0009990009990009,4.834034371154807,black,narratives,26.0,312.0,,,,,,
sub-314,0.4417839701769326,0.0009990009990009,8.602803882020465,black,narratives,25.0,300.0,,,,,,
sub-315,0.1890723942443575,0.0009990009990009,3.8554978400544577,black,narratives,35.0,420.0,,,,,,
sub-127,0.0617506713232485,0.2147852147852147,1.2220284022345551,bronx,narratives,32.0,384.0,,,,,,
sub-265,0.3521957897242099,0.0009990009990009,7.216610405361393,bronx,narratives,20.0,240.0,,,,,,
sub-267,0.3655644979344444,0.0009990009990009,7.455499641433217,bronx,narratives,27.0,324.0,,,,,,
sub-272,-0.00820537766431,0.8881118881118881,-0.1530576045678714,bronx,narratives,19.0,228.0,,,,,,
sub-273,0.291506783286671,0.0009990009990009,5.90453506452219,bronx,narratives,20.0,240.0,,,,,,
sub-274,0.4032073547082773,0.0009990009990009,8.152687988788665,bronx,narratives,50.0,600.0,,,,,,
sub-275,0.4358966290199876,0.0009990009990009,8.941093586812704,bronx,narratives,19.0,228.0,,,,,,
sub-276,0.3498425720284138,0.0009990009990009,6.957481177319695,bronx,narratives,21.0,252.0,,,,,,
sub-277,0.1064171053192344,0.0419580419580419,2.0846827686969247,bronx,narratives,19.0,228.0,,,,,,
sub-279,0.0528056386578591,0.3296703296703296,0.9908701249294212,bronx,narratives,20.0,240.0,,,,,,
sub-281,-0.0388797452754539,0.4235764235764235,-0.7722343240650876,bronx,narratives,22.0,264.0,,,,,,
sub-282,0.1828729691451166,0.0009990009990009,3.5977407685723986,bronx,narratives,19.0,228.0,,,,,,
sub-283,0.3652329541949668,0.0009990009990009,7.625012432254239,bronx,narratives,19.0,228.0,,,,,,
sub-284,0.482957477084636,0.0009990009990009,9.274157942744196,bronx,narratives,21.0,252.0,,,,,,
sub-285,0.2267550421749624,0.0009990009990009,4.55247890451785,bronx,narratives,22.0,264.0,,,,,,
sub-286,0.2848169938190765,0.0009990009990009,5.710606421039755,bronx,narratives,18.0,216.0,,,,,,
sub-287,0.1212885430541307,0.0179820179820179,2.311593015251445,bronx,narratives,21.0,252.0,,,,,,
sub-288,0.2065341398857709,0.0009990009990009,3.912417012158477,bronx,narratives,25.0,300.0,,,,,,
sub-289,0.1505360645747595,0.0019980019980019,2.9624409415774533,bronx,narratives,18.0,216.0,,,,,,
sub-290,0.4633391200919693,0.0009990009990009,9.977826433211066,bronx,narratives,26.0,312.0,,,,,,
sub-291,0.3481579504769904,0.0009990009990009,6.923530925872647,bronx,narratives,18.0,216.0,,,,,,
sub-292,0.2689477400926886,0.0009990009990009,5.380877099675755,bronx,narratives,18.0,216.0,,,,,,
sub-293,0.2280236733311134,0.0009990009990009,4.682398528578979,bronx,narratives,20.0,240.0,,,,,,
sub-294,0.3490238942250583,0.0009990009990009,6.992076717297715,bronx,narratives,19.0,228.0,,,,,,
sub-295,0.3447853914826473,0.0009990009990009,6.726639022278825,bronx,narratives,18.0,216.0,,,,,,
sub-296,-0.1198374707368716,0.0169830169830169,-2.271175443301782,bronx,narratives,38.0,456.0,,,,,,
sub-297,0.1680355522264687,0.0019980019980019,3.3419161399398623,bronx,narratives,21.0,252.0,,,,,,
sub-299,0.2902372956847679,0.0009990009990009,5.797187067539035,bronx,narratives,18.0,216.0,,,,,,
sub-300,0.3211527852284038,0.0009990009990009,6.4722015797766455,bronx,narratives,53.0,636.0,,,,,,
sub-301,0.1856579603362284,0.0009990009990009,3.713899128531336,bronx,narratives,19.0,228.0,,,,,,
sub-302,0.0230042331627171,0.6433566433566433,0.5304080269922403,bronx,narratives,18.0,216.0,,,,,,
sub-304,0.2988096076414459,0.0009990009990009,5.88479245114243,bronx,narratives,25.0,300.0,,,,,,
sub-307,0.1389287405672284,0.0079920079920079,2.658620139549855,bronx,narratives,20.0,240.0,,,,,,
sub-308,0.413372374749543,0.0009990009990009,8.396895218456827,bronx,narratives,22.0,264.0,,,,,,
sub-310,0.5396253821364586,0.0009990009990009,10.570966887198312,bronx,narratives,28.0,336.0,,,,,,
sub-311,0.0449237187961126,0.3806193806193806,0.9012307869509067,bronx,narratives,22.0,264.0,,,,,,
sub-312,0.3437736399885444,0.0009990009990009,6.869365938851698,bronx,narratives,19.0,228.0,,,,,,
sub-313,0.2698440169124201,0.0009990009990009,5.563682675979687,bronx,narratives,26.0,312.0,,,,,,
sub-314,0.3082464431675153,0.0009990009990009,6.1251418870016,bronx,narratives,25.0,300.0,,,,,,
sub-315,0.2551176088424853,0.0009990009990009,5.142126554250273,bronx,narratives,35.0,420.0,,,,,,
sub-127,0.0965944967954718,0.0529470529470529,1.9981836999410096,forgot,narratives,32.0,384.0,,,,,,
sub-265,-0.0434121019160494,0.3996003996003996,-0.8477323537971887,forgot,narratives,20.0,240.0,,,,,,
sub-267,0.2153379752915791,0.0009990009990009,4.271548152168973,forgot,narratives,27.0,324.0,,,,,,
sub-272,0.0735145776445899,0.1588411588411588,1.421369391774269,forgot,narratives,19.0,228.0,,,,,,
sub-273,0.0919889965930217,0.0679320679320679,1.884935493386205,forgot,narratives,20.0,240.0,,,,,,
sub-274,0.4321931053736997,0.0009990009990009,8.547891390362942,forgot,narratives,50.0,600.0,,,,,,
sub-275,0.2059347949446081,0.0009990009990009,4.185305449704087,forgot,narratives,19.0,228.0,,,,,,
sub-276,0.3709682255744865,0.0009990009990009,7.326590141454488,forgot,narratives,21.0,252.0,,,,,,
sub-277,0.0117448200108586,0.8171828171828172,0.2500661271070091,forgot,narratives,19.0,228.0,,,,,,
sub-279,0.0967512452301149,0.0609390609390609,1.8540016710567304,forgot,narratives,20.0,240.0,,,,,,
sub-281,-0.0958728878153086,0.0479520479520479,-1.958774734066483,forgot,narratives,22.0,264.0,,,,,,
sub-282,0.0753163725593598,0.1438561438561438,1.5021844535414006,forgot,narratives,19.0,228.0,,,,,,
sub-283,0.0034328553434579,0.942057942057942,0.0361793130313417,forgot,narratives,19.0,228.0,,,,,,
sub-284,0.472571238894154,0.0009990009990009,9.325517951745978,forgot,narratives,21.0,252.0,,,,,,
sub-285,0.2543400444718564,0.0009990009990009,5.34941812928792,forgot,narratives,22.0,264.0,,,,,,
sub-286,0.3840900788579456,0.0009990009990009,7.855487170394273,forgot,narratives,18.0,216.0,,,,,,
sub-287,0.0618967520811612,0.2167832167832167,1.2564723135334144,forgot,narratives,21.0,252.0,,,,,,
sub-288,0.0702365801610604,0.1778221778221778,1.3972768598560226,forgot,narratives,25.0,300.0,,,,,,
sub-289,0.2231281310504549,0.0019980019980019,4.375646864387148,forgot,narratives,18.0,216.0,,,,,,
sub-290,0.3834352020370841,0.0009990009990009,7.779289853419512,forgot,narratives,26.0,312.0,,,,,,
sub-291,0.3087874419020177,0.0009990009990009,6.089338303258395,forgot,narratives,18.0,216.0,,,,,,
sub-292,0.2250181060835756,0.0009990009990009,4.455604109054094,forgot,narratives,18.0,216.0,,,,,,
sub-293,0.3157374649793498,0.0009990009990009,6.29219442323933,forgot,narratives,20.0,240.0,,,,,,
sub-294,0.1956246632143071,0.0009990009990009,3.900917629252338,forgot,narratives,19.0,228.0,,,,,,
sub-295,0.1082572717556952,0.0239760239760239,2.2441296686753383,forgot,narratives,18.0,216.0,,,,,,
sub-296,-0.2080167349289832,0.0009990009990009,-4.305142510121433,forgot,narratives,38.0,456.0,,,,,,
sub-297,-0.1023683246009731,0.0469530469530469,-2.0623880315456216,forgot,narratives,21.0,252.0,,,,,,
sub-299,0.2003630795685142,0.0009990009990009,3.9333187515050088,forgot,narratives,18.0,216.0,,,,,,
sub-300,0.1541383463367389,0.0029970029970029,3.0668071388877127,forgot,narratives,53.0,636.0,,,,,,
sub-301,0.4195248325747013,0.0009990009990009,8.28478358413523,forgot,narratives,19.0,228.0,,,,,,
sub-302,-0.0943247253658004,0.0619380619380619,-1.876181455694224,forgot,narratives,18.0,216.0,,,,,,
sub-304,0.1211544466840965,0.0139860139860139,2.500025756465003,forgot,narratives,25.0,300.0,,,,,,
sub-307,0.3082842630636937,0.0009990009990009,6.144607280298556,forgot,narratives,20.0,240.0,,,,,,
sub-308,0.275351720033501,0.0009990009990009,5.652544263438322,forgot,narratives,22.0,264.0,,,,,,
sub-310,0.3929107449361986,0.0009990009990009,8.072125515818275,forgot,narratives,28.0,336.0,,,,,,
sub-311,0.0185443528773735,0.7262737262737263,0.3681132280451922,forgot,narratives,22.0,264.0,,,,,,
sub-312,0.2238266977132381,0.0009990009990009,4.480616181023337,forgot,narratives,19.0,228.0,,,,,,
sub-313,0.291162643925882,0.0009990009990009,5.822999095267326,forgot,narratives,26.0,312.0,,,,,,
sub-314,0.4078483649825633,0.0009990009990009,8.389115135938212,forgot,narratives,25.0,300.0,,,,,,
sub-315,0.2645854693789166,0.0009990009990009,5.133167733897407,forgot,narratives,35.0,420.0,,,,,,
sub-127,0.2366389825055649,0.0009990009990009,4.802411170362037,piemanpni,narratives,32.0,384.0,,,,,,
sub-265,-0.0151253262364144,0.7692307692307693,-0.282528819464887,piemanpni,narratives,20.0,240.0,,,,,,
sub-267,0.4136938657444301,0.0009990009990009,8.009244301581004,piemanpni,narratives,27.0,324.0,,,,,,
sub-272,0.0662862275069664,0.1638361638361638,1.3838201216579595,piemanpni,narratives,19.0,228.0,,,,,,
sub-273,0.3719899273274523,0.0009990009990009,7.71870166689977,piemanpni,narratives,20.0,240.0,,,,,,
sub-274,0.3321038841078527,0.0009990009990009,6.884690752656742,piemanpni,narratives,50.0,600.0,,,,,,
sub-275,0.4066469281254529,0.0009990009990009,7.939009461491789,piemanpni,narratives,19.0,228.0,,,,,,
sub-276,0.4777385106764048,0.0009990009990009,9.29583536682253,piemanpni,narratives,21.0,252.0,,,,,,
sub-277,-0.0437719034374393,0.3606393606393606,-0.8359938028396308,piemanpni,narratives,19.0,228.0,,,,,,
sub-279,0.0239876051795332,0.6403596403596403,0.4673243838931403,piemanpni,narratives,20.0,240.0,,,,,,
sub-281,-0.2411946140756133,0.0009990009990009,-4.941205054257541,piemanpni,narratives,22.0,264.0,,,,,,
sub-282,0.1710199287945365,0.0009990009990009,3.36681052705846,piemanpni,narratives,19.0,228.0,,,,,,
sub-283,0.1538709138307918,0.0019980019980019,3.162769031310349,piemanpni,narratives,19.0,228.0,,,,,,
sub-284,0.5078809283928672,0.0009990009990009,9.9774696443847,piemanpni,narratives,21.0,252.0,,,,,,
sub-285,0.1907473710596607,0.0009990009990009,3.80105185708656,piemanpni,narratives,22.0,264.0,,,,,,
sub-286,0.1155304890013139,0.0179820179820179,2.2794818676234643,piemanpni,narratives,18.0,216.0,,,,,,
sub-287,-0.1527093403769869,0.0019980019980019,-3.1198932220445466,piemanpni,narratives,21.0,252.0,,,,,,
sub-288,0.1527724542656914,0.0029970029970029,2.990637470069473,piemanpni,narratives,25.0,300.0,,,,,,
sub-289,0.2858846677444923,0.0009990009990009,5.763646624031805,piemanpni,narratives,18.0,216.0,,,,,,
sub-290,0.3805235605805374,0.0009990009990009,7.549806811398717,piemanpni,narratives,26.0,312.0,,,,,,
sub-291,0.3790197394531303,0.0009990009990009,7.480659745862188,piemanpni,narratives,18.0,216.0,,,,,,
sub-292,0.4134942547602786,0.0009990009990009,8.36948612914861,piemanpni,narratives,18.0,216.0,,,,,,
sub-293,0.022840004707174,0.6373626373626373,0.4645579179788693,piemanpni,narratives,20.0,240.0,,,,,,
sub-294,0.4237187594955784,0.0009990009990009,8.686993446965799,piemanpni,narratives,19.0,228.0,,,,,,
sub-295,0.2008244040505187,0.0009990009990009,4.114528960545001,piemanpni,narratives,18.0,216.0,,,,,,
sub-296,0.3426073974063821,0.0009990009990009,7.180153979286115,piemanpni,narratives,38.0,456.0,,,,,,
sub-297,0.143729150378992,0.0039960039960039,2.89098059265041,piemanpni,narratives,21.0,252.0,,,,,,
sub-299,0.3229144562685486,0.0009990009990009,6.295632709781425,piemanpni,narratives,18.0,216.0,,,,,,
sub-300,0.3574562640912912,0.0009990009990009,7.269573214321071,piemanpni,narratives,53.0,636.0,,,,,,
sub-301,0.3632141554113542,0.0009990009990009,7.385940283037027,piemanpni,narratives,19.0,228.0,,,,,,
sub-302,0.1955014467697901,0.0009990009990009,3.83874965563857,piemanpni,narratives,18.0,216.0,,,,,,
sub-304,0.4296169932864782,0.0009990009990009,8.407312187788774,piemanpni,narratives,25.0,300.0,,,,,,
sub-307,0.2923813494713305,0.0009990009990009,6.00251898127535,piemanpni,narratives,20.0,240.0,,,,,,
sub-308,0.3933633241278267,0.0009990009990009,7.945532810142316,piemanpni,narratives,22.0,264.0,,,,,,
sub-310,0.4596658871146823,0.0009990009990009,9.19721500726369,piemanpni,narratives,28.0,336.0,,,,,,
sub-311,0.0320185937945126,0.5294705294705294,0.6658549884085255,piemanpni,narratives,22.0,264.0,,,,,,
sub-312,0.300650398451187,0.0009990009990009,5.780175540594003,piemanpni,narratives,19.0,228.0,,,,,,
sub-313,0.3555095310096682,0.0009990009990009,7.148069570576118,piemanpni,narratives,26.0,312.0,,,,,,
sub-314,0.3756432871288166,0.0009990009990009,7.467122202944525,piemanpni,narratives,25.0,300.0,,,,,,
sub-315,0.2202275015748464,0.0009990009990009,4.414318021787546,piemanpni,narratives,35.0,420.0,,,,,,
sub-pixar001,0.1837798304122944,0.0009990009990009,3.622246247415389,partlycloudy,partlycloudy,,57.297741275999996,0.3892536234011973,4.774811773,U05,M,,
sub-pixar002,0.1901146526811772,0.0009990009990009,3.939167273195925,partlycloudy,partlycloudy,,58.283367552,0.345567280805988,4.856947296,U05,F,,
sub-pixar003,0.1088826840980163,0.0249750249750249,2.1645862700906098,partlycloudy,partlycloudy,,49.839835728,0.3271215356356887,4.153319644,U05,F,,
sub-pixar004,0.1221022172758539,0.0169830169830169,2.429889996822724,partlycloudy,partlycloudy,,53.683778232,0.3812978708958083,4.473648186,U05,F,,
sub-pixar005,0.3052721875385457,0.0009990009990009,6.238119994897176,partlycloudy,partlycloudy,,58.05338809199999,0.1317358863395209,4.837782341,U05,F,,
sub-pixar006,-0.0168729363782166,0.7162837162837162,-0.4204657840262608,partlycloudy,partlycloudy,,43.268993844,0.936601723053892,3.605749487,U05,F,,
sub-pixar007,0.1612468688343938,0.0009990009990009,3.2685729977448568,partlycloudy,partlycloudy,,50.98973306399999,0.3180865750502992,4.249144422,U05,M,,
sub-pixar008,0.0106213603014404,0.8191808191808192,0.241598955284685,partlycloudy,partlycloudy,,42.349075979999995,0.3035920657604791,3.529089665,U05,F,,
sub-pixar009,0.2396526097775048,0.0009990009990009,4.900977673806031,partlycloudy,partlycloudy,,42.217659131999994,0.3775008920962419,3.518138261,U05,M,,
sub-pixar010,0.0888912316701797,0.0749250749250749,1.851416370861455,partlycloudy,partlycloudy,,52.303901436000004,0.0907933435065867,4.358658453,U05,M,,
sub-pixar011,0.2709131779006016,0.0009990009990009,5.37211579709199,partlycloudy,partlycloudy,,47.80287474,0.2437497619850299,3.983572895,U05,F,,
sub-pixar012,0.2244295682615033,0.0009990009990009,4.425357040114984,partlycloudy,partlycloudy,,45.437371668,0.517725907390419,3.786447639,U05,F,,
sub-pixar013,0.2487757613767715,0.0009990009990009,5.079204195724551,partlycloudy,partlycloudy,,46.193018484,0.1022715976089819,3.849418207,U05,M,,
sub-pixar014,0.2388729696216063,0.0009990009990009,4.624940161905975,partlycloudy,partlycloudy,,43.63039014,0.1197814476645748,3.635865845,U05,M,,
sub-pixar015,0.246089451817154,0.0009990009990009,4.87458490401333,partlycloudy,partlycloudy,,57.19917864,0.2672847396167666,4.76659822,U05,F,,
sub-pixar016,0.1709593839138298,0.0009990009990009,3.46721921692292,partlycloudy,partlycloudy,,43.466119092,0.4932734133413172,3.622176591,U05,M,,
sub-pixar017,0.3095717880160175,0.0009990009990009,6.351278422024493,partlycloudy,partlycloudy,,43.367556468000004,0.1411798944131735,3.613963039,U05,F,,
sub-pixar018,0.1379836156771547,0.0079920079920079,2.706856180855361,partlycloudy,partlycloudy,,54.932238192,0.3396489695736528,4.577686516,U05,M,,
sub-pixar019,-0.0833383053788147,0.0929070929070929,-1.641566651596732,partlycloudy,partlycloudy,,47.638603692000004,0.2317125657245509,3.969883641,U05,M,,
sub-pixar020,0.201144334333187,0.0009990009990009,4.034775824002222,partlycloudy,partlycloudy,,43.137577007999994,0.245403793942515,3.594798084,U05,M,,
sub-pixar021,0.1008613885298237,0.0449550449550449,2.0196501912488296,partlycloudy,partlycloudy,,52.369609860000004,0.3951822610299403,4.364134155,U05,F,,
sub-pixar022,0.1533610177814456,0.0019980019980019,2.988370697310966,partlycloudy,partlycloudy,,45.864476388,0.1973988877765868,3.822039699,U05,F,,
sub-pixar023,0.1695071808736087,0.0029970029970029,3.409008274920436,partlycloudy,partlycloudy,,46.390143732,0.1621074052706586,3.865845311,U05,F,,
sub-pixar024,0.2496626059096883,0.0009990009990009,4.898698605084038,partlycloudy,partlycloudy,,48.689938404,0.1971744680667063,4.057494867,U05,M,,
sub-pixar025,-0.1479369110692046,0.0049950049950049,-2.956502014941396,partlycloudy,partlycloudy,,47.17864476,0.3292548678747365,3.93155373,U05,F,,
sub-pixar026,-0.0423162167807459,0.3886113886113886,-0.8407604506874541,partlycloudy,partlycloudy,,47.17864476,0.186178754982515,3.93155373,U05,F,,
sub-pixar027,-0.0861340163900724,0.0839160839160839,-1.651202946370212,partlycloudy,partlycloudy,,47.868583164,1.238833433979939,3.989048597,U05,F,,
sub-pixar028,0.1715693678623305,0.0019980019980019,3.483890846058435,partlycloudy,partlycloudy,,42.414784392,1.2752685235580845,3.534565366,U05,M,,
sub-pixar029,0.2182449228168226,0.0009990009990009,4.312967053728661,partlycloudy,partlycloudy,,51.712525668000005,0.2989046733125748,4.309377139,U05,M,,
sub-pixar030,0.4368516551609411,0.0009990009990009,8.858962058370615,partlycloudy,partlycloudy,,49.87268994,0.2564917626407185,4.156057495,U05,F,,
sub-pixar031,0.0326343181902112,0.5264735264735265,0.6111422454031943,partlycloudy,partlycloudy,,49.018480487999994,0.4315497477005988,4.084873374,U05,F,,
sub-pixar032,0.1766687060603552,0.0009990009990009,3.413481495696797,partlycloudy,partlycloudy,,65.16,0.4336310066167663,5.43,U06,F,,
sub-pixar033,0.282731009212761,0.0009990009990009,5.832490134890499,partlycloudy,partlycloudy,,69.72,0.1180428026580838,5.81,U06,M,,
sub-pixar034,0.0006542273188357,0.987012987012987,0.0215518865241105,partlycloudy,partlycloudy,,71.88,1.1943431224191616,5.99,U06,M,,
sub-pixar035,-0.0254945071872333,0.5824175824175825,-0.5241143160627065,partlycloudy,partlycloudy,,71.88,0.5986390411257488,5.99,U06,M,,
sub-pixar036,-0.0384760412247108,0.4205794205794206,-0.7742192533999807,partlycloudy,partlycloudy,,64.67999999999999,0.8063125621017962,5.39,U06,F,,
sub-pixar037,0.274957103222,0.0009990009990009,5.691071661525201,partlycloudy,partlycloudy,,66.24,0.5241841140958083,5.52,U06,M,,
sub-pixar038,-0.004086676054852,0.9330669330669332,-0.0582945085323893,partlycloudy,partlycloudy,,66.6,0.3110395736167666,5.55,U06,F,,
sub-pixar039,0.2539979172587056,0.0009990009990009,5.014872079478763,partlycloudy,partlycloudy,,66.48,0.5282225351556887,5.54,U06,M,,
sub-pixar040,0.0886002405503719,0.0719280719280719,1.7925138570058576,partlycloudy,partlycloudy,,63.480000000000004,1.2463550860598804,5.29,U06,M,,
sub-pixar041,0.2585925661774758,0.0009990009990009,5.116272715869813,partlycloudy,partlycloudy,,65.88,0.2493473860826347,5.49,U06,M,,
sub-pixar042,0.2074444972461445,0.0009990009990009,4.164986446339205,partlycloudy,partlycloudy,,60.12,0.5626786516275448,5.01,U06,F,,
sub-pixar043,0.2573508597834001,0.0009990009990009,5.449834012985782,partlycloudy,partlycloudy,,69.48,0.1227264983856287,5.79,U06,M,,
sub-pixar044,0.0570475012076016,0.2667332667332667,1.1375966741161505,partlycloudy,partlycloudy,,69.12,0.5180864483353296,5.76,U06,M,,
sub-pixar045,0.2782750646922398,0.0009990009990009,5.595819153221909,partlycloudy,partlycloudy,,62.16,0.2118927336167665,5.18,U06,M,,
sub-pixar046,0.0599403514140784,0.2517482517482518,1.1610009714952456,partlycloudy,partlycloudy,,71.64,0.9294413271616764,5.97,U06,F,,
sub-pixar047,0.0774282526603482,0.1318681318681318,1.5898722800611154,partlycloudy,partlycloudy,,65.64,0.3059040378668262,5.47,U06,F,,
sub-pixar048,0.1206779831317283,0.0169830169830169,2.4312734461821632,partlycloudy,partlycloudy,,71.88,0.2223195110407186,5.99,U06,M,,
sub-pixar049,0.3432798813736766,0.0009990009990009,6.847637573560766,partlycloudy,partlycloudy,,62.760000000000005,0.2098267041197603,5.23,U06,M,,
sub-pixar050,0.1245181973714521,0.0119880119880119,2.5028297795966705,partlycloudy,partlycloudy,,63.72,0.3903925480171376,5.31,U06,F,,
sub-pixar051,0.0662199157115756,0.1918081918081918,1.2965152565077749,partlycloudy,partlycloudy,,64.56,0.3653611904217966,5.38,U06,M,,
sub-pixar052,0.261735488803745,0.0009990009990009,5.292634542878807,partlycloudy,partlycloudy,,65.52,0.1190120410628742,5.46,U06,F,,
sub-pixar054,0.2745260975091368,0.0009990009990009,5.162746591352499,partlycloudy,partlycloudy,,71.88,0.2783273451760479,5.99,U06,M,,
sub-pixar055,0.1208630067642548,0.0159840159840159,2.390762038200738,partlycloudy,partlycloudy,,69.84,0.1884523276365269,5.82,U06,M,,
sub-pixar056,0.3437938592379705,0.0009990009990009,6.992780758100665,partlycloudy,partlycloudy,,63.12,0.260178808251497,5.26,U06,F,,
sub-pixar057,0.2461246306565143,0.0009990009990009,4.829782981527943,partlycloudy,partlycloudy,,67.92,0.1599654111826347,5.66,U06,F,,
sub-pixar058,0.3211184223948388,0.0009990009990009,6.408814510229804,partlycloudy,partlycloudy,,61.56,0.0919092249356886,5.13,U06,F,,
sub-pixar059,0.1460858268202685,0.0019980019980019,2.888947798671506,partlycloudy,partlycloudy,,66.12,0.3756767880347307,5.51,U06,F,,
sub-pixar060,0.0665816361661178,0.1818181818181818,1.3343161983866014,partlycloudy,partlycloudy,,61.44,0.2261867808520958,5.12,U06,F,,
sub-pixar061,0.2964374573330109,0.0009990009990009,5.903173950531094,partlycloudy,partlycloudy,,66.72,1.5460291384191622,5.56,U06,F,,
sub-pixar062,0.2271114197857681,0.0009990009990009,4.534042683364207,partlycloudy,partlycloudy,,65.52,0.2600831836047903,5.46,U06,F,,
sub-pixar063,0.2366070460598969,0.0009990009990009,4.906890785131618,partlycloudy,partlycloudy,,63.96,0.1610045097856287,5.33,U06,M,,
sub-pixar064,0.2074486833568031,0.0009990009990009,4.147190278825491,partlycloudy,partlycloudy,,65.28,0.6829524119281436,5.44,U06,M,,
sub-pixar065,0.1317862631410002,0.0149850149850149,2.507329066953472,partlycloudy,partlycloudy,,60.239999999999995,0.158589708826946,5.02,U06,F,,
sub-pixar066,0.3118403323140194,0.0009990009990009,6.229025525261897,partlycloudy,partlycloudy,,84.0,0.1816813779688622,7.0,U082,F,,
sub-pixar067,0.124063016487009,0.0139860139860139,2.45349080965344,partlycloudy,partlycloudy,,95.03999999999999,0.2949413245964071,7.92,U082,F,,
sub-pixar068,0.1449239142412199,0.0039960039960039,3.0433771813621324,partlycloudy,partlycloudy,,95.03999999999999,0.3170365912910179,7.92,U082,F,,
sub-pixar069,0.0185613242082959,0.7082917082917083,0.3605521389344165,partlycloudy,partlycloudy,,95.52,0.4135390181317362,7.96,U082,M,,
sub-pixar070,0.0945838058668391,0.0629370629370629,1.8300340863547235,partlycloudy,partlycloudy,,85.80000000000001,0.2681662378035926,7.15,U082,F,,
sub-pixar071,0.3369374306069975,0.0009990009990009,6.829839886377464,partlycloudy,partlycloudy,,85.56,0.1751177530652695,7.13,U082,M,,
sub-pixar072,0.1380807865460155,0.0049950049950049,2.7739019806401406,partlycloudy,partlycloudy,,94.92,0.4287923278966466,7.91,U082,F,,
sub-pixar073,0.2274249770139202,0.0009990009990009,4.5121318689276935,partlycloudy,partlycloudy,,95.4,0.1942947061407185,7.95,U082,F,,
sub-pixar074,0.0677805152182435,0.1688311688311688,1.3521066967462234,partlycloudy,partlycloudy,,95.4,0.1990573409497005,7.95,U082,M,,
sub-pixar075,0.1575248583707923,0.0059940059940059,3.047389083624963,partlycloudy,partlycloudy,,93.96000000000001,1.103585540538922,7.83,U082,M,,
sub-pixar076,0.2064120150912879,0.0019980019980019,4.131310906235169,partlycloudy,partlycloudy,,84.72,0.3532320350538923,7.06,U082,M,,
sub-pixar077,0.1505335247796587,0.0029970029970029,2.9770489689087203,partlycloudy,partlycloudy,,113.39999999999999,0.1378495451360479,9.45,U13,M,,
sub-pixar078,0.2162554272609721,0.0009990009990009,4.29322647141258,partlycloudy,partlycloudy,,103.19999999999999,1.1512938808191615,8.6,U13,F,,
sub-pixar079,0.1929403247464426,0.0009990009990009,3.809000962973936,partlycloudy,partlycloudy,,84.84,0.1825168712994011,7.07,U082,M,,
sub-pixar080,0.2057572219722981,0.0009990009990009,4.211232655685601,partlycloudy,partlycloudy,,94.92,0.1168891193736526,7.91,U082,M,,
sub-pixar081,0.0675623931112385,0.1838161838161838,1.3465537643949557,partlycloudy,partlycloudy,,94.92,0.6572030702838323,7.91,U082,F,,
sub-pixar082,0.4005278363942322,0.0009990009990009,7.944095090445309,partlycloudy,partlycloudy,,117.12,0.1984840488383233,9.76,U13,F,,
sub-pixar083,0.1904687396442363,0.0009990009990009,3.894106786140141,partlycloudy,partlycloudy,,87.36,0.2023512923832335,7.28,U082,F,,
sub-pixar084,0.1430113023202762,0.0049950049950049,2.824691275502424,partlycloudy,partlycloudy,,85.19999999999999,0.2202086792874251,7.1,U082,M,,
sub-pixar085,0.0807981180755158,0.1118881118881118,1.6898640344007367,partlycloudy,partlycloudy,,113.76,0.3904336467664667,9.48,U13,F,,
sub-pixar086,0.2525986498028963,0.0009990009990009,5.139521504315033,partlycloudy,partlycloudy,,89.52,0.2414766596407186,7.46,U082,F,,
sub-pixar087,0.245653532658044,0.0009990009990009,4.802056767285443,partlycloudy,partlycloudy,,119.52000000000001,0.1510352387214371,9.96,U13,M,,
sub-pixar088,0.3346327984766231,0.0009990009990009,6.580398406124794,partlycloudy,partlycloudy,,92.52,0.0860816481778442,7.71,U082,M,,
sub-pixar089,0.2314959148034327,0.0009990009990009,4.654499215067136,partlycloudy,partlycloudy,,96.24,0.4467806414694608,8.02,U082,M,,
sub-pixar090,-0.0495547016671211,0.3116883116883117,-0.9841739523014962,partlycloudy,partlycloudy,,97.80000000000001,0.7569856137796408,8.15,U082,M,,
sub-pixar091,0.1096367882010402,0.0269730269730269,2.288445043166292,partlycloudy,partlycloudy,,116.39999999999999,0.2094374886378442,9.7,U13,M,,
sub-pixar092,0.3600443243998469,0.0009990009990009,7.536734835418887,partlycloudy,partlycloudy,,101.76,0.1776062124335329,8.48,U13,M,,
sub-pixar093,0.3278327675726835,0.0009990009990009,6.328074915828957,partlycloudy,partlycloudy,,103.08,0.2056962477005988,8.59,U13,F,,
sub-pixar094,0.2271251409298622,0.0009990009990009,4.418180693989496,partlycloudy,partlycloudy,,114.24,0.1997433553892214,9.52,U13,F,,
sub-pixar095,0.2716837832923084,0.0009990009990009,5.476713132253984,partlycloudy,partlycloudy,,119.28,0.1817325004011976,9.94,U13,F,,
sub-pixar096,0.0519944130670612,0.2987012987012987,1.0644001912523098,partlycloudy,partlycloudy,,85.56,0.1593719757868264,7.13,U082,F,,
sub-pixar097,0.0848948972436243,0.0989010989010989,1.7003977893355051,partlycloudy,partlycloudy,,106.44,0.4531126187508983,8.87,U13,F,,
sub-pixar098,0.2866771020489298,0.0009990009990009,5.602292048174324,partlycloudy,partlycloudy,,122.28,0.1015891462994012,10.19,U13,M,,
sub-pixar099,0.1961393113046688,0.0009990009990009,4.043514809811984,partlycloudy,partlycloudy,,91.92,0.2320234081275448,7.66,U082,M,,
sub-pixar100,0.2695784597693931,0.0009990009990009,5.212581115211977,partlycloudy,partlycloudy,,115.08,0.2791477828802394,9.59,U13,M,,
sub-pixar101,0.2122909473078795,0.0009990009990009,4.27572022450913,partlycloudy,partlycloudy,,134.04,0.1139947624227544,11.17,U13,M,,
sub-pixar102,0.2965954283752033,0.0009990009990009,5.870992785110509,partlycloudy,partlycloudy,,134.04,0.2684747596706586,11.17,U13,F,,
sub-pixar103,-0.0023226783877449,0.967032967032967,-0.0345607730699528,partlycloudy,partlycloudy,,126.60000000000001,0.8325528783365265,10.55,U13,M,,
sub-pixar104,-0.1753360072256568,0.0019980019980019,-3.343892888196829,partlycloudy,partlycloudy,,102.84,0.9773828639640726,8.57,U13,F,,
sub-pixar105,0.1140398343635764,0.0269730269730269,2.2738077549728914,partlycloudy,partlycloudy,,103.92,0.5879703766718061,8.66,U13,M,,
sub-pixar106,-0.1515808689729941,0.0049950049950049,-3.0857129328090758,partlycloudy,partlycloudy,,96.24,0.4565173215868263,8.02,U082,M,,
sub-pixar107,0.1979449622726699,0.0009990009990009,4.062084316960054,partlycloudy,partlycloudy,,138.12,0.1484634594778442,11.51,U13,M,,
sub-pixar108,-0.0566669146879883,0.2597402597402597,-1.13685679024526,partlycloudy,partlycloudy,,128.39999999999998,0.3328561856360478,10.7,U13,F,,
sub-pixar109,0.2736139275400484,0.0009990009990009,5.496019263266913,partlycloudy,partlycloudy,,124.56,0.2289873026946109,10.38,U13,F,,
sub-pixar110,0.2014544801192065,0.0009990009990009,4.069066359951945,partlycloudy,partlycloudy,,129.35999999999999,0.3363300079197606,10.78,U13,F,,
sub-pixar111,0.204796492988411,0.0009990009990009,4.007004810245427,partlycloudy,partlycloudy,,103.44,0.5193140277419163,8.62,U13,F,,
sub-pixar112,0.1230666708938655,0.0219780219780219,2.328971091467336,partlycloudy,partlycloudy,,144.60000000000002,0.2211690470299399,12.05,U13,M,,
sub-pixar113,0.1461725692300025,0.0049950049950049,2.84430334932169,partlycloudy,partlycloudy,,123.47999999999999,0.2067255701556886,10.29,U13,F,,
sub-pixar114,0.0790025785680211,0.1118881118881118,1.6517424912964325,partlycloudy,partlycloudy,,89.16,0.7090656250664673,7.43,U082,M,,
sub-pixar115,0.1573046360585681,0.0039960039960039,3.1211672242246005,partlycloudy,partlycloudy,,116.16,0.077676116681437,9.68,U13,F,,
sub-pixar116,0.0726594257719809,0.1748251748251748,1.3425527503896504,partlycloudy,partlycloudy,,92.16,0.6071296845670656,7.68,U082,F,,
sub-pixar117,0.3442864394332516,0.0009990009990009,7.010893720682368,partlycloudy,partlycloudy,,147.60000000000002,0.3251889250538922,12.3,U13,M,,
sub-pixar118,0.1913305030555963,0.0009990009990009,3.9745958229991327,partlycloudy,partlycloudy,,126.0,0.1386017620611337,10.5,U13,F,,
sub-pixar119,0.1484501694614968,0.0049950049950049,3.001717982634709,partlycloudy,partlycloudy,,103.44,0.2787080277358083,8.62,U13,F,,
sub-pixar120,0.1973189145675533,0.0009990009990009,3.9463117838355006,partlycloudy,partlycloudy,,137.76,0.2580637813586824,11.48,U13,F,,
sub-pixar121,0.2033862256530626,0.0009990009990009,3.966605161058402,partlycloudy,partlycloudy,,105.12,0.511720081549102,8.76,U13,F,,
sub-pixar122,0.1594197478757597,0.0029970029970029,3.227074876001057,partlycloudy,partlycloudy,,86.52,0.3934511584371257,7.21,U082,M,,
sub-pixar123,0.4203730568353965,0.0009990009990009,8.38956350406185,partlycloudy,partlycloudy,,324.71999999999997,0.1599890496131735,27.06,Adult,F,,
sub-pixar124,0.2247507179485051,0.0009990009990009,4.402447535068792,partlycloudy,partlycloudy,,401.28,0.5319873302455087,33.44,Adult,M,,
sub-pixar125,0.4588353618300063,0.0009990009990009,8.880594887105747,partlycloudy,partlycloudy,,372.0,0.1492029157317365,31.0,Adult,M,,
sub-pixar126,0.4272315024074724,0.0009990009990009,8.30297312199353,partlycloudy,partlycloudy,,228.0,0.1909089957862274,19.0,Adult,F,,
sub-pixar127,0.4098492292158073,0.0009990009990009,8.295911905976098,partlycloudy,partlycloudy,,276.0,0.1974318295227544,23.0,Adult,F,,
sub-pixar128,0.5374165764279406,0.0009990009990009,10.639810637537863,partlycloudy,partlycloudy,,324.0,0.1343125565245508,27.0,Adult,M,,
sub-pixar129,0.397519330973836,0.0009990009990009,7.888653677894508,partlycloudy,partlycloudy,,276.0,0.079253182065988,23.0,Adult,F,,
sub-pixar130,0.4426766549474956,0.0009990009990009,9.005201925594008,partlycloudy,partlycloudy,,252.0,0.2354329564814372,21.0,Adult,F,,
sub-pixar131,0.3470394933148381,0.0009990009990009,6.961704863245538,partlycloudy,partlycloudy,,468.0,0.2639674442185628,39.0,Adult,M,,
sub-pixar132,0.2296860066266682,0.0009990009990009,4.67504853329132,partlycloudy,partlycloudy,,264.0,0.1532327413544909,22.0,Adult,F,,
sub-pixar133,0.4286586530022164,0.0009990009990009,8.425382343800283,partlycloudy,partlycloudy,,252.0,0.2646225859844311,21.0,Adult,M,,
sub-pixar134,0.4391711957608619,0.0009990009990009,8.309019148442196,partlycloudy,partlycloudy,,300.0,0.2059275957215567,25.0,Adult,M,,
sub-pixar135,0.5062349398530244,0.0009990009990009,10.108939023734116,partlycloudy,partlycloudy,,252.0,0.0986430154365269,21.0,Adult,F,,
sub-pixar136,0.3871279487590779,0.0009990009990009,7.594369627520156,partlycloudy,partlycloudy,,300.0,0.279840499341916,25.0,Adult,F,,
sub-pixar137,0.1606772113018038,0.0009990009990009,3.146032013234626,partlycloudy,partlycloudy,,408.0,0.1968125484968862,34.0,Adult,F,,
sub-pixar138,0.507964671499168,0.0009990009990009,9.78499664273506,partlycloudy,partlycloudy,,336.0,0.1354850833326946,28.0,Adult,F,,
sub-pixar139,0.4554665719739898,0.0009990009990009,9.408995397903642,partlycloudy,partlycloudy,,216.0,0.1140686215414371,18.0,Adult,F,,
sub-pixar140,0.3220208608831385,0.0009990009990009,6.404930605652024,partlycloudy,partlycloudy,,228.0,0.1478480896407185,19.0,Adult,M,,
sub-pixar141,0.0470032723227164,0.3536463536463536,0.9824348304850612,partlycloudy,partlycloudy,,264.0,0.1087278338059879,22.0,Adult,F,,
sub-pixar142,0.2382333182989568,0.0009990009990009,4.6875500182555,partlycloudy,partlycloudy,,396.0,0.2433834186632686,33.0,Adult,F,,
sub-pixar143,0.3903568253012199,0.0009990009990009,7.8574540866275555,partlycloudy,partlycloudy,,264.0,0.1193749745243113,22.0,Adult,F,,
sub-pixar144,0.2508076763192111,0.0009990009990009,5.07994060061879,partlycloudy,partlycloudy,,240.0,0.3212367616670657,20.0,Adult,F,,
sub-pixar145,0.327158280054193,0.0009990009990009,6.665973252497233,partlycloudy,partlycloudy,,264.0,0.1004581209826347,22.0,Adult,F,,
sub-pixar146,0.548695275862576,0.0009990009990009,10.543008910288917,partlycloudy,partlycloudy,,216.0,0.1222471548538921,18.0,Adult,M,,
sub-pixar147,0.494435964766134,0.0009990009990009,9.753536231199254,partlycloudy,partlycloudy,,252.0,0.0992948739880239,21.0,Adult,M,,
sub-pixar148,0.3122455048530383,0.0009990009990009,6.052133495618449,partlycloudy,partlycloudy,,372.0,0.17337546991497,31.0,Adult,M,,
sub-pixar149,0.2413923884772891,0.0009990009990009,4.805166630987155,partlycloudy,partlycloudy,,288.0,0.3594718188359282,24.0,Adult,F,,
sub-pixar150,0.4174713094565144,0.0009990009990009,8.133051912810185,partlycloudy,partlycloudy,,228.0,0.2332138915718562,19.0,Adult,F,,
sub-pixar151,0.4232923299350061,0.0009990009990009,8.364425186840464,partlycloudy,partlycloudy,,276.0,0.1682969376185629,23.0,Adult,F,,
sub-pixar152,0.3025041890012391,0.0009990009990009,6.174886821548499,partlycloudy,partlycloudy,,252.0,0.0641341456651915,21.0,Adult,F,,
sub-pixar153,0.4041649625352215,0.0009990009990009,7.881089123973193,partlycloudy,partlycloudy,,360.0,0.1891319055232334,30.0,Adult,M,,
sub-pixar154,0.4404452395929859,0.0009990009990009,8.873078141689508,partlycloudy,partlycloudy,,348.0,0.1508669644167664,29.0,Adult,M,,
sub-pixar155,0.4756005070628397,0.0009990009990009,9.594448137852394,partlycloudy,partlycloudy,,312.0,0.2183951872347304,26.0,Adult,M,,
sub-NDARAA948VFH,0.3368440038339587,0.0009990009990009,6.70208962914378,movieTP,hbn,,95.79192,0.1005597895582329,7.98266,U08,Female,0.0,HBNsiteRU
sub-NDARAB458VK9,0.2810593241950801,0.0009990009990009,5.611607308514899,movieTP,hbn,,154.03422,0.1527086199317268,12.836185,U13,Male,1.0,HBNsiteCBIC
sub-NDARAB977GFB,0.4165682746534536,0.0009990009990009,8.660895854193823,movieTP,hbn,,101.467488,0.1888237930481927,8.455624,U09,Other,2.0,HBNsiteCBIC
sub-NDARAC331VEH,0.5477003969434919,0.0009990009990009,10.974880020303676,movieTP,hbn,,170.00821200000001,0.0934933918674698,14.167351,U15,Male,3.0,HBNsiteCBIC
sub-NDARAC350BZ0,0.2857895963146101,0.0009990009990009,5.708611341561913,movieTP,hbn,,155.052696,0.2363012648346987,12.921058,U13,Male,4.0,HBNsiteCBIC
sub-NDARAC495TJ2,0.6316083772420364,0.0009990009990009,12.781872137000487,movieTP,hbn,,193.886376,0.1490888852738955,16.157198,U17,Female,5.0,HBNsiteRU
sub-NDARAC853CR6,0.3412835546884987,0.0009990009990009,7.14521649046324,movieTP,hbn,,110.279256,0.1604658412987951,9.189938,U10,Male,6.0,HBNsiteCUNY
sub-NDARAE877NER,0.2407277161473932,0.0009990009990009,4.741275737616076,movieTP,hbn,,136.09581599999999,0.1300990793975903,11.341318,U12,Female,7.0,HBNsiteCBIC
sub-NDARAF535XK6,0.2699334467027722,0.0009990009990009,5.400415576447729,movieTP,hbn,,157.45790399999998,0.2631231609999999,13.121492,U14,Female,8.0,HBNsiteCBIC
sub-NDARAG115LZP,0.4900972500249328,0.0009990009990009,10.157623742013858,movieTP,hbn,,170.00821200000001,0.1233038047951807,14.167351,U15,Female,9.0,HBNsiteCBIC
sub-NDARAG340ERT,0.4305368769483977,0.0009990009990009,9.308899752837974,movieTP,hbn,,128.710464,0.0985705841500401,10.725872,U11,Male,10.0,HBNsiteRU
sub-NDARAH503YG1,0.413695099373034,0.0009990009990009,8.23542336251222,movieTP,hbn,,84.16016400000001,0.2248807239375983,7.013347,U08,Male,11.0,HBNsiteRU
sub-NDARAH948UF0,0.251295629835434,0.0009990009990009,5.03013822136555,movieTP,hbn,,138.986988,0.5087256934136546,11.582249,U12,Male,12.0,HBNsiteRU
sub-NDARAK738BGC,0.5339771895529107,0.0009990009990009,10.654215030199447,movieTP,hbn,,211.23886799999997,0.0968285969329116,17.603239,U22,Female,13.0,HBNsiteRU
sub-NDARAL828WXM,0.1979796781574464,0.0009990009990009,3.842387008914783,movieTP,hbn,,182.26282799999998,0.2274597619999021,15.188569,U16,Male,14.0,HBNsiteCBIC
sub-NDARAL897CYV,0.5051136282959633,0.0009990009990009,10.074676035702536,movieTP,hbn,,155.87404800000002,0.3389131186667469,12.989504,U13,Male,15.0,HBNsiteCUNY
sub-NDARAM357BUA,0.3647524880478563,0.0009990009990009,7.563047075269456,movieTP,hbn,,98.581788,0.3444094762610442,8.215149,U09,Male,16.0,HBNsiteCUNY
sub-NDARAP049KXJ,0.3826729229216224,0.0009990009990009,7.79427074393055,movieTP,hbn,,110.10676799999999,0.1835203139633333,9.175564,U10,Female,17.0,HBNsiteCBIC
sub-NDARAP176AD1,0.4111838206388491,0.0009990009990009,7.973010612542737,movieTP,hbn,,110.37781199999999,0.1016615278748594,9.198151,U10,Male,18.0,HBNsiteRU
sub-NDARAP457WB5,0.4437584450507185,0.0009990009990009,8.864895110072208,movieTP,hbn,,219.94660799999997,0.0849171067269075,18.328884,U22,Other,19.0,HBNsiteCBIC
sub-NDARAT358XM9,0.5725455317340744,0.0009990009990009,11.858204774053508,movieTP,hbn,,109.71251999999998,0.1862299563099948,9.14271,U10,Male,20.0,HBNsiteRU
sub-NDARAT581NDH,0.2583472786700493,0.0009990009990009,5.149588096888571,movieTP,hbn,,230.49280799999997,0.1818331038658634,19.207734,U22,Female,21.0,HBNsiteRU
sub-NDARAT680GJA,0.3621718922268521,0.0009990009990009,7.110057310622207,movieTP,hbn,,118.36138799999999,0.2082601055726907,9.863449,U10,Male,22.0,HBNsiteCBIC
sub-NDARAT709MMX,0.5146377864279486,0.0009990009990009,10.037469267042972,movieTP,hbn,,162.083496,0.1121282397839357,13.506958,U14,Male,23.0,HBNsiteRU
sub-NDARAT982JTU,0.0750685671924142,0.1158841158841158,1.4621767697562558,movieTP,hbn,,98.09034,0.2496474736104417,8.174195,U09,Male,24.0,HBNsiteCBIC
sub-NDARAU530GLJ,0.4477418178619451,0.0009990009990009,8.997282201479635,movieTP,hbn,,117.00752399999999,0.1023044290565302,9.750627,U10,Male,25.0,HBNsiteCBIC
sub-NDARAV554TP2,-0.0484080862784992,0.3316683316683316,-1.0195058033548847,movieTP,hbn,,203.54551200000003,0.1554584935823292,16.962126,U17,Male,26.0,HBNsiteRU
sub-NDARAW179AYF,0.3331328751666027,0.0009990009990009,6.717138123927465,movieTP,hbn,,141.26214000000002,0.2329662795180722,11.771845,U12,Male,27.0,HBNsiteRU
sub-NDARAW216PM7,0.2011532572123999,0.0009990009990009,4.00693513119729,movieTP,hbn,,118.84598399999999,0.1944888816345381,9.903832,U10,Male,28.0,HBNsiteCBIC
sub-NDARAX272ZJL,0.5243627165599741,0.0009990009990009,10.521915222179029,movieTP,hbn,,151.04448,0.1522133468858232,12.58704,U13,Male,29.0,HBNsiteRU
sub-NDARAX277ATU,0.2143382874266016,0.0009990009990009,4.193746750847591,movieTP,hbn,,198.558516,0.2206863996666666,16.546543,U17,Male,30.0,HBNsiteCBIC
sub-NDARAY665GWN,0.3624016074195696,0.0009990009990009,7.674933716536064,movieTP,hbn,,127.453788,0.5325581771485944,10.621149,U11,Female,31.0,HBNsiteCUNY
sub-NDARBF042LDM,0.4187161052890439,0.0009990009990009,8.375770571064873,movieTP,hbn,,121.310052,0.1887167592043373,10.109171,U11,Female,32.0,HBNsiteCUNY
sub-NDARBF176LPM,0.3101857311819928,0.0009990009990009,6.224941169863818,movieTP,hbn,,130.780284,0.1853270304016064,10.898357,U11,Male,33.0,HBNsiteRU
sub-NDARBF183RFB,0.3998724009979529,0.0009990009990009,8.0408822927614,movieTP,hbn,,87.340176,0.2103840412770481,7.278348,U08,Female,34.0,HBNsiteCBIC
sub-NDARBF851NH6,0.3545116487710772,0.0009990009990009,7.2819634923652,movieTP,hbn,,226.744692,0.1535212802811244,18.895391,U22,Male,35.0,HBNsiteCBIC
sub-NDARBH019KPD,0.0916262788187687,0.0709290709290709,1.8810022819437195,movieTP,hbn,,102.26145600000001,0.2750598084658634,8.521788,U09,Other,36.0,HBNsiteCBIC
sub-NDARBH512BHA,0.3403768291352176,0.0009990009990009,6.517507162771835,movieTP,hbn,,116.81724,0.3479031472690763,9.73477,U10,Male,37.0,HBNsiteCBIC
sub-NDARBK106KRH,0.2576413973904407,0.0009990009990009,5.326656849068871,movieTP,hbn,,116.29158000000001,0.2592481399297188,9.690965,U10,Male,38.0,HBNsiteCBIC
sub-NDARBN365EV3,0.1983976226651394,0.0009990009990009,3.915755603835407,movieTP,hbn,,159.749484,0.134709561143775,13.312457,U14,Male,39.0,HBNsiteCBIC
sub-NDARBN620TT7,0.2838227418133747,0.0009990009990009,5.83178505388612,movieTP,hbn,,182.78164800000002,0.1738361298473895,15.231804,U16,Female,40.0,HBNsiteCBIC
sub-NDARBP527JWC,0.2857235569907531,0.0009990009990009,5.629201279437856,movieTP,hbn,,170.559888,0.3788898697630522,14.213324,U15,Male,41.0,HBNsiteCBIC
sub-NDARBP770MUM,0.4137186259545504,0.0009990009990009,8.161045471574944,movieTP,hbn,,75.22381200000001,0.1671956613975903,6.268651,U08,Male,42.0,HBNsiteCBIC
sub-NDARBR740NKV,0.555377480782971,0.0009990009990009,11.156847663327504,movieTP,hbn,,195.10746,0.1555324264831325,16.258955,U17,Female,43.0,HBNsiteRU
sub-NDARBT607PZL,0.564595160594716,0.0009990009990009,11.36891205918796,movieTP,hbn,,207.724836,0.0866159621084337,17.310403,U22,Male,44.0,HBNsiteRU
sub-NDARBU730PN8,0.3494158619299979,0.0009990009990009,7.221571800609149,movieTP,hbn,,165.007524,0.1085498773851405,13.750627,U14,Female,45.0,HBNsiteRU
sub-NDARBV167RMU,0.4847537261517373,0.0009990009990009,9.836587343042172,movieTP,hbn,,179.041752,0.1757625541518072,14.920146,U15,Male,46.0,HBNsiteCBIC
sub-NDARBX974XDR,0.5766648231278187,0.0009990009990009,11.072189096628218,movieTP,hbn,,153.182748,0.1430112452409638,12.765229,U13,Male,47.0,HBNsiteRU
sub-NDARBZ925PRF,0.2494757518686534,0.0009990009990009,4.764330593939998,movieTP,hbn,,208.14509999999999,0.1003583645863453,17.345425,U22,Female,48.0,HBNsiteCBIC
sub-NDARCA618DGA,0.2772823774408448,0.0009990009990009,5.684420170791828,movieTP,hbn,,84.71868,0.2110802516819277,7.05989,U08,Male,49.0,HBNsiteCBIC
sub-NDARCB305AFY,0.348440807010138,0.0009990009990009,6.721886593224057,movieTP,hbn,,113.166324,0.2445648962381525,9.430527,U10,Female,50.0,HBNsiteCBIC
sub-NDARCC059WTH,0.5308134593471894,0.0009990009990009,9.988915005617612,movieTP,hbn,,131.10198,0.1808901766473011,10.925165,U11,Male,51.0,HBNsiteRU
sub-NDARCC340ER5,0.5215303607211175,0.0009990009990009,10.500517761078036,movieTP,hbn,,149.340168,0.141895648257028,12.445014,U13,Female,52.0,HBNsiteCBIC
sub-NDARCD296XU9,0.1611486019162956,0.0039960039960039,3.177212782503942,movieTP,hbn,,141.089664,0.2038937229293172,11.757472,U12,Male,53.0,HBNsiteCBIC
sub-NDARCD687JUZ,0.2081652240164296,0.0009990009990009,4.241400973338399,movieTP,hbn,,125.556468,0.5482944824098795,10.463039,U11,Male,54.0,HBNsiteCBIC
sub-NDARCF052AE0,0.3095394309667663,0.0009990009990009,6.40657276013461,movieTP,hbn,,141.81108,0.3395402158232931,11.81759,U12,Male,55.0,HBNsiteCBIC
sub-NDARCG159AAP,0.4600443167660584,0.0009990009990009,9.23961892080084,movieTP,hbn,,120.26145600000001,0.1027857202248995,10.021788,U11,Female,56.0,HBNsiteCBIC
sub-NDARCG438NML,0.5006802425019732,0.0009990009990009,9.700233030760032,movieTP,hbn,,193.66323599999998,0.2514389542369477,16.138603,U17,Male,57.0,HBNsiteRU
sub-NDARCG785NND,0.2059404690722795,0.0009990009990009,3.9686947228486233,movieTP,hbn,,114.05749200000001,0.844030397991968,9.504791,U10,Female,58.0,HBNsiteCBIC
sub-NDARCG808HDJ,0.2936521681125435,0.0009990009990009,5.713588945072669,movieTP,hbn,,113.72894399999998,0.2370998204659598,9.477412,U10,Female,59.0,HBNsiteCBIC
sub-NDARCH628LKW,0.1454135013930945,0.0069930069930069,2.925537355037756,movieTP,hbn,,87.274464,0.314254279892771,7.272872,U08,Male,60.0,HBNsiteCBIC
sub-NDARCJ433TCG,0.6662137921371704,0.0009990009990009,13.141025396724872,movieTP,hbn,,202.65844800000002,0.1234823492851405,16.888204,U17,Male,61.0,HBNsiteRU
sub-NDARCK481KRH,0.4677775824340535,0.0009990009990009,9.41451449602408,movieTP,hbn,,163.238868,0.1956117833734939,13.603239,U14,Male,62.0,HBNsiteRU
sub-NDARCK647MU6,0.4769528009423548,0.0009990009990009,9.539039101549994,movieTP,hbn,,138.59274,0.1913407175514056,11.549395,U12,Male,63.0,HBNsiteRU
sub-NDARCL008HLA,0.362520660145485,0.0009990009990009,7.188437931345513,movieTP,hbn,,197.474328,0.2217585582650602,16.456194,U17,Male,64.0,HBNsiteCBIC
sub-NDARCL016NHB,0.5763891974574623,0.0009990009990009,11.029963171866918,movieTP,hbn,,134.130036,0.1018783574763051,11.177503,U12,Female,65.0,HBNsiteRU
sub-NDARCM811CV1,0.3983111557798351,0.0009990009990009,7.624543068081316,movieTP,hbn,,212.095824,0.0707986075100401,17.674652,U22,Male,66.0,HBNsiteCBIC
sub-NDARCM953HKD,0.2173934849866487,0.0009990009990009,4.180565515965979,movieTP,hbn,,112.644756,0.1606588473847389,9.387063,U10,Female,67.0,HBNsiteCBIC
sub-NDARCP642KML,0.2112526429339211,0.0009990009990009,4.25535085697675,movieTP,hbn,,206.76385199999999,0.1928180056385542,17.230321,U22,Male,68.0,HBNsiteCBIC
sub-NDARCR582GKJ,0.2511805663049212,0.0009990009990009,4.994988640516336,movieTP,hbn,,187.388088,0.0785776996317268,15.615674,U16,Female,69.0,HBNsiteCBIC
sub-NDARCR594JN0,0.3338815685709081,0.0009990009990009,6.739257852486045,movieTP,hbn,,142.90348799999998,0.2070172758847389,11.908624,U12,Female,70.0,HBNsiteCBIC
sub-NDARCR743RHQ,0.2018268927868486,0.0009990009990009,4.068365116048724,movieTP,hbn,,161.26214399999998,0.0634982294678714,13.438512,U14,Male,71.0,HBNsiteCBIC
sub-NDARCT420MW1,0.2954347975031036,0.0009990009990009,5.860368043656279,movieTP,hbn,,101.33469600000001,0.1144095338995983,8.444558,U09,Female,72.0,HBNsiteCBIC
sub-NDARCT889DMB,0.3837106606618957,0.0009990009990009,7.566561116567882,movieTP,hbn,,254.11361999999997,0.2166595541807228,21.176135,U22,Female,73.0,HBNsiteCBIC
sub-NDARCU118LMX,0.5667409145567591,0.0009990009990009,11.32818355309098,movieTP,hbn,,110.67350400000001,0.3267917884313253,9.222792,U10,Female,74.0,HBNsiteRU
sub-NDARCU621EBN,0.4048820099697817,0.0009990009990009,8.185079145179909,movieTP,hbn,,172.33538399999998,0.1036845509036144,14.361282,U15,Female,75.0,HBNsiteRU
sub-NDARCU865PBV,0.3648777779035117,0.0009990009990009,6.878697443847558,movieTP,hbn,,130.380552,0.099555908232771,10.865046,U11,Male,76.0,HBNsiteRU
sub-NDARCV154DB9,0.3757095242612108,0.0009990009990009,7.467083989240558,movieTP,hbn,,225.991776,0.2405033603895582,18.832648,U22,Male,77.0,HBNsiteRU
sub-NDARCV440TRV,0.4863420461537971,0.0009990009990009,9.788840765933656,movieTP,hbn,,98.412036,0.24183696313253,8.201003,U09,Other,78.0,HBNsiteRU
sub-NDARCV606ZZ5,0.1903111248534266,0.0009990009990009,3.813218384777071,movieTP,hbn,,161.69472000000002,0.131609114630522,13.47456,U14,Male,79.0,HBNsiteCBIC
sub-NDARCV981XUY,0.4496954714903842,0.0009990009990009,8.952932539293862,movieTP,hbn,,189.352488,0.0834624117988842,15.779374,U16,Male,80.0,HBNsiteRU
sub-NDARCW611MK5,0.4947494112628455,0.0009990009990009,10.036748817140388,movieTP,hbn,,125.129352,0.2748972888248995,10.427446,U11,Male,81.0,HBNsiteRU
sub-NDARCW932EU6,0.2579237961978007,0.0009990009990009,5.121440983204549,movieTP,hbn,,110.14099200000001,0.3861910538016063,9.178416,U10,Male,82.0,HBNsiteCBIC
sub-NDARCX021XWF,0.3173002307571615,0.0009990009990009,6.374468509830109,movieTP,hbn,,154.09855199999998,0.1202324364899598,12.841546,U13,Male,83.0,HBNsiteCBIC
sub-NDARCX462NVA,0.4664956532776433,0.0009990009990009,9.69860734160156,movieTP,hbn,,108.433944,0.2053344529590361,9.036162,U10,Male,84.0,HBNsiteCBIC
sub-NDARCZ947WU5,0.5159415091382212,0.0009990009990009,10.27471920901927,movieTP,hbn,,112.37508,0.4856429144446185,9.36459,U10,Female,85.0,HBNsiteRU
sub-NDARDA472JE3,0.2734918613651844,0.0009990009990009,5.394056899629316,movieTP,hbn,,94.312104,0.251802285875502,7.859342,U08,Male,86.0,HBNsiteRU
sub-NDARDA516MNY,0.4015916305484324,0.0009990009990009,7.734221328766216,movieTP,hbn,,103.96440000000001,0.1802558385539357,8.6637,U09,Female,87.0,HBNsiteCBIC
sub-NDARDA573XGG,0.3481904445782596,0.0009990009990009,7.010007668614064,movieTP,hbn,,184.726896,0.1383935302963855,15.393908,U16,Female,88.0,HBNsiteRU
sub-NDARDA656RBN,0.1203406726064549,0.0169830169830169,2.463205902766024,movieTP,hbn,,84.94181999999999,0.4683478430449397,7.078485,U08,Male,89.0,HBNsiteCBIC
sub-NDARDB161LU6,0.3374844485461221,0.0009990009990009,6.603779394905155,movieTP,hbn,,153.446952,0.2098370495983935,12.787246,U13,Male,90.0,HBNsiteCBIC
sub-NDARDC814WW2,0.1667923188317649,0.0019980019980019,3.312153135162176,movieTP,hbn,,150.722784,0.0941417786835341,12.560232,U13,Female,91.0,HBNsiteCBIC
sub-NDARDC987BMU,0.3560827190894254,0.0009990009990009,6.918965531286744,movieTP,hbn,,216.462696,0.0914128500898795,18.038558,U22,Male,92.0,HBNsiteRU
sub-NDARDD073JKZ,0.1856577240347457,0.0009990009990009,3.837015010201774,movieTP,hbn,,123.479808,0.4864864363855421,10.289984,U11,Male,93.0,HBNsiteCBIC
sub-NDARDD193HUP,0.1897054138697265,0.0019980019980019,3.8569155944766194,movieTP,hbn,,191.691984,0.1336562648303614,15.974332,U16,Male,94.0,HBNsiteCBIC
sub-NDARDD854GF8,0.3078152918715556,0.0009990009990009,6.060449756094768,movieTP,hbn,,95.691984,0.1453381321622088,7.974332,U08,Male,95.0,HBNsiteCBIC
sub-NDARDE319VD1,0.2392735369959709,0.0009990009990009,5.079050919999328,movieTP,hbn,,113.55783600000001,0.4870605907309236,9.463153,U10,Male,96.0,HBNsiteCBIC
sub-NDARDE502TEU,0.442805630299629,0.0009990009990009,9.057566592810296,movieTP,hbn,,121.477068,0.1571762244658634,10.123089,U11,Male,97.0,HBNsiteRU
sub-NDARDE681UEX,0.3417973336299827,0.0009990009990009,6.668385546078534,movieTP,hbn,,137.607108,0.0825151579895581,11.467259,U12,Female,98.0,HBNsiteRU
sub-NDARDE827UF0,0.4818321260513605,0.0009990009990009,9.491007309245518,movieTP,hbn,,205.22107200000002,0.1591164502449799,17.101756,U22,Male,99.0,HBNsiteCBIC
sub-NDARDE877RFH,0.3979307879951514,0.0009990009990009,7.895696981622316,movieTP,hbn,,151.2156,0.1704505947951806,12.6013,U13,Male,100.0,HBNsiteCBIC
sub-NDARDF374LGN,0.3499051464153996,0.0009990009990009,7.180377641945303,movieTP,hbn,,93.720732,0.3466022330522088,7.810061,U08,Male,101.0,HBNsiteCBIC
sub-NDARDG077GPH,0.3589639069569693,0.0009990009990009,6.9613300921806776,movieTP,hbn,,208.243668,0.0846894883582329,17.353639,U22,Male,102.0,HBNsiteRU
sub-NDARDG747ULB,0.3818496418510772,0.0009990009990009,7.52410734242593,movieTP,hbn,,103.04448,0.1082048089730923,8.58704,U09,Male,103.0,HBNsiteRU
sub-NDARDH086ZKK,0.4447602338592098,0.0009990009990009,9.044467646327142,movieTP,hbn,,113.86036800000001,0.2077309077012047,9.488364,U10,Female,104.0,HBNsiteCBIC
sub-NDARDH214UVC,0.2815809229694084,0.0009990009990009,5.366558394531761,movieTP,hbn,,93.293628,0.2956238549879518,7.774469,U08,Male,105.0,HBNsiteRU
sub-NDARDJ204EPU,0.4375516744942813,0.0009990009990009,9.025821923644004,movieTP,hbn,,175.158108,0.1135285329124497,14.596509,U15,Male,106.0,HBNsiteCUNY
sub-NDARDJ970ELG,0.3528016768325317,0.0009990009990009,7.117459061322655,movieTP,hbn,,230.45858400000003,0.184758464766265,19.204882,U22,Male,107.0,HBNsiteRU
sub-NDARDL377ZT7,0.4770969477992879,0.0009990009990009,9.61132780091922,movieTP,hbn,,170.264196,0.1515032724538152,14.188683,U15,Male,108.0,HBNsiteCBIC
sub-NDARDL511UND,0.3672640823504775,0.0009990009990009,7.027596621508319,movieTP,hbn,,122.40246,0.1316464700554216,10.200205,U11,Male,109.0,HBNsiteRU
sub-NDARDM156AVJ,0.2812620328464585,0.0009990009990009,5.4492124728855655,movieTP,hbn,,148.521552,0.0938910371504417,12.376796,U13,Male,110.0,HBNsiteCBIC
sub-NDARDN393BJH,0.1449725420137189,0.0049950049950049,2.944016720438607,movieTP,hbn,,94.90212,0.1786410652690762,7.90851,U08,Female,111.0,HBNsiteCBIC
sub-NDARDN489EXJ,0.1546066972635962,0.0049950049950049,3.089289897676941,movieTP,hbn,,166.75016399999998,0.1520090521726907,13.895847,U14,Male,112.0,HBNsiteRU
sub-NDARDP786HE6,0.2254475872667948,0.0009990009990009,4.367300607058147,movieTP,hbn,,115.59615600000001,0.1634867043809638,9.633013,U10,Male,113.0,HBNsiteRU
sub-NDARDR236FWH,0.4554268086286164,0.0009990009990009,9.204358929618898,movieTP,hbn,,169.41546,0.3334787389196787,14.117955,U15,Male,114.0,HBNsiteRU
sub-NDARDR240WKM,0.5051385987675664,0.0009990009990009,10.08292667704827,movieTP,hbn,,129.860364,0.2568453984710843,10.821697,U11,Female,115.0,HBNsiteCBIC
sub-NDARDR439HY2,0.530459697446185,0.0009990009990009,10.620424690038725,movieTP,hbn,,161.564676,0.1572834462048192,13.463723,U14,Female,116.0,HBNsiteCBIC
sub-NDARDR591AUC,0.3131107357052796,0.0009990009990009,6.569060764496231,movieTP,hbn,,188.767956,0.0865054694016064,15.730663,U16,Male,117.0,HBNsiteRU
sub-NDARDT528ZZJ,0.1714653537926283,0.0009990009990009,3.4763764231583147,movieTP,hbn,,163.50170400000002,0.2031559876144577,13.625142,U14,Male,118.0,HBNsiteRU
sub-NDARDU482DGK,0.133738714560245,0.0049950049950049,2.725498812340313,movieTP,hbn,,126.6078,0.4341816220626506,10.55065,U11,Female,119.0,HBNsiteCBIC
sub-NDARDU602LPX,0.4132628548743133,0.0009990009990009,8.008216217246035,movieTP,hbn,,146.871996,0.216072593429057,12.239333,U13,Male,120.0,HBNsiteCBIC
sub-NDARDW178AC6,0.430865110043287,0.0009990009990009,8.388602123260236,movieTP,hbn,,199.312788,0.095153120441767,16.609399,U17,Male,121.0,HBNsiteCBIC
sub-NDARDW711NYZ,0.4862712475690182,0.0009990009990009,9.471227326145929,movieTP,hbn,,130.840512,0.1436945179012048,10.903376,U11,Male,122.0,HBNsiteRU
sub-NDARDX173WLD,0.5002306672580423,0.0009990009990009,10.08834559975178,movieTP,hbn,,146.94317999999998,0.1292062168883533,12.245265,U13,Other,123.0,HBNsiteCUNY
sub-NDARDX196MZP,0.4638924421958571,0.0009990009990009,8.769406377229236,movieTP,hbn,,133.63174800000002,0.2081344063012047,11.135979,U12,Male,124.0,HBNsiteCBIC
sub-NDARDX433HXA,0.3667043438265224,0.0009990009990009,7.351614146220711,movieTP,hbn,,194.516076,0.1228022365903614,16.209673,U17,Other,125.0,HBNsiteCBIC
sub-NDARDX857DLB,0.5692207930839208,0.0009990009990009,11.44415272330044,movieTP,hbn,,124.963716,0.0906354538037349,10.413643,U11,Male,126.0,HBNsiteRU
sub-NDARDY741VEB,0.3832029927889899,0.0009990009990009,7.587016588466329,movieTP,hbn,,119.143044,0.3104317558313252,9.928587,U10,Male,127.0,HBNsiteCBIC
sub-NDARDY776AKH,0.5331349976389183,0.0009990009990009,10.658878170389444,movieTP,hbn,,197.33606400000002,0.1179839913779317,16.444672,U17,Female,128.0,HBNsiteCBIC
sub-NDARDZ425JVB,0.4536308396410209,0.0009990009990009,9.04178911964726,movieTP,hbn,,138.986988,0.1906918011189959,11.582249,U12,Male,129.0,HBNsiteCBIC
sub-NDAREC238AY4,0.3820102882573249,0.0009990009990009,7.5355006470856765,movieTP,hbn,,106.369608,0.1746998441132529,8.864134,U09,Female,130.0,HBNsiteCBIC
sub-NDAREC486ZPV,0.5797137440199548,0.0009990009990009,11.203817052750052,movieTP,hbn,,195.765912,0.1284184827136947,16.313826,U17,Male,131.0,HBNsiteRU
sub-NDAREC648WEL,0.3837691409308698,0.0009990009990009,7.80232794779196,movieTP,hbn,,134.16426,0.2954669924542168,11.180355,U12,Male,132.0,HBNsiteRU
sub-NDARED628HMQ,0.1900745405026543,0.0009990009990009,3.827800928573625,movieTP,hbn,,115.07459999999999,0.2081111333975903,9.58955,U10,Male,133.0,HBNsiteRU
sub-NDAREE015WGU,0.3904632024281591,0.0009990009990009,7.540459783094889,movieTP,hbn,,160.25050800000002,0.2077482181004016,13.354209,U14,Female,134.0,HBNsiteCBIC
sub-NDAREF164ZUJ,0.4046821839435978,0.0009990009990009,8.243046520981876,movieTP,hbn,,93.885,0.1527589353413654,7.82375,U08,Female,135.0,HBNsiteRU
sub-NDAREF848YWD,0.5195788552970231,0.0009990009990009,10.404819719205166,movieTP,hbn,,124.43805599999999,0.1184358259839357,10.369838,U11,Male,136.0,HBNsiteRU
sub-NDAREF893ZM8,0.2655357660150846,0.0009990009990009,5.132713680025368,movieTP,hbn,,151.11156,0.0648397481485943,12.59263,U13,Male,137.0,HBNsiteRU
sub-NDAREG013BLG,0.4479911947745515,0.0009990009990009,8.923863392174713,movieTP,hbn,,163.963032,0.1388270208674698,13.663586,U14,Female,138.0,HBNsiteRU
sub-NDAREJ327AH7,0.3079151844890725,0.0009990009990009,6.187617489181112,movieTP,hbn,,141.78644400000002,0.3717435465091967,11.815537,U12,Female,139.0,HBNsiteCBIC
sub-NDAREK255DEE,0.2632051958978345,0.0009990009990009,5.276410027517435,movieTP,hbn,,78.106776,0.1484350261109236,6.508898,U08,Female,140.0,HBNsiteCBIC
sub-NDAREK395BM3,0.3358822594353516,0.0009990009990009,6.5319359030180735,movieTP,hbn,,174.344964,0.2672052753012048,14.528747,U15,Male,141.0,HBNsiteCBIC
sub-NDAREK686WN1,-0.0265943041159185,0.5914085914085914,-0.4854676952377031,movieTP,hbn,,97.103352,0.2887282734128514,8.091946,U09,Male,142.0,HBNsiteCUNY
sub-NDAREL410HHK,0.4933847040639044,0.0009990009990009,9.605137668825757,movieTP,hbn,,235.58521199999998,0.2024439181365461,19.632101,U22,Male,143.0,HBNsiteCBIC
sub-NDAREM731BYM,0.52054438544063,0.0009990009990009,10.221980807289851,movieTP,hbn,,142.208076,0.1468514336232931,11.850673,U12,Male,144.0,HBNsiteRU
sub-NDAREM757NBG,0.4328389433217827,0.0009990009990009,8.65353178141158,movieTP,hbn,,161.30184,0.1072378398835341,13.44182,U14,Male,145.0,HBNsiteCBIC
sub-NDAREN151YXN,0.2928211893245048,0.0009990009990009,6.106039870514324,movieTP,hbn,,97.07323199999999,0.2614970606220482,8.089436,U09,Male,146.0,HBNsiteCBIC
sub-NDAREN999ERM,0.1404865771613635,0.0019980019980019,2.868527994123251,movieTP,hbn,,109.483908,0.374150649815261,9.123659,U10,Female,147.0,HBNsiteCBIC
sub-NDAREP505XAD,0.4612317880106507,0.0009990009990009,9.332344893136176,movieTP,hbn,,241.893216,0.2656787832771084,20.157768,U22,Male,148.0,HBNsiteRU
sub-NDAREU073NFU,0.3721415651499975,0.0009990009990009,7.672654285075647,movieTP,hbn,,136.09581599999999,0.2226710520960641,11.341318,U12,Male,149.0,HBNsiteCBIC
sub-NDAREW937RMY,0.6174293460306958,0.0009990009990009,12.515987019395196,movieTP,hbn,,126.732372,0.1801904700433734,10.561031,U11,Male,150.0,HBNsiteRU
sub-NDAREX091KUR,0.2722658239221432,0.0009990009990009,5.4074382757475385,movieTP,hbn,,85.73031599999999,0.7184348388509237,7.144193,U08,Female,151.0,HBNsiteRU
sub-NDAREY778CR9,0.4154771969695137,0.0009990009990009,8.14181788784563,movieTP,hbn,,124.50375600000001,0.1892536221365461,10.375313,U11,Male,152.0,HBNsiteRU
sub-NDAREZ416XDW,0.2869727198473767,0.0009990009990009,5.767415124384307,movieTP,hbn,,210.21492,0.0974859183424096,17.51791,U22,Male,153.0,HBNsiteCBIC
sub-NDARFA737TG6,0.4123701511204788,0.0009990009990009,8.162258409158122,movieTP,hbn,,240.87473999999997,0.0904757421084337,20.072895,U22,Female,154.0,HBNsiteRU
sub-NDARFB384XJ9,0.4559152717118175,0.0009990009990009,9.445704553387545,movieTP,hbn,,172.431204,0.1937344686265059,14.369267,U15,Other,155.0,HBNsiteCUNY
sub-NDARFB528UVB,0.4173921921157996,0.0009990009990009,8.54128884360913,movieTP,hbn,,101.57288399999999,0.3907941449638553,8.464407,U09,Male,156.0,HBNsiteCBIC
sub-NDARFB969EMV,0.3375618401477829,0.0009990009990009,6.690781391221115,movieTP,hbn,,104.06980800000001,0.2848784355502008,8.672484,U09,Male,157.0,HBNsiteCBIC
sub-NDARFD316UD2,0.5152866064438538,0.0009990009990009,10.472351013994205,movieTP,hbn,,193.82750399999998,0.0628832880654618,16.152292,U17,Male,158.0,HBNsiteCBIC
sub-NDARFD552FRH,0.331007555182019,0.0009990009990009,6.563948864731929,movieTP,hbn,,165.27035999999998,0.1539878879518071,13.77253,U14,Male,159.0,HBNsiteRU
sub-NDARFD620BUW,0.3993124093899831,0.0009990009990009,7.828593102968885,movieTP,hbn,,89.478432,0.0875677164694778,7.456536,U08,Male,160.0,HBNsiteCBIC
sub-NDARFF061VUK,0.5175404329361066,0.0009990009990009,9.888115887514802,movieTP,hbn,,189.49212,0.0812989909831325,15.79101,U16,Male,161.0,HBNsiteCBIC
sub-NDARFF644ZGD,0.6600513834715825,0.0009990009990009,13.039056639142096,movieTP,hbn,,119.51128800000001,0.0966477162626505,9.959274,U10,Male,162.0,HBNsiteRU
sub-NDARFG364YMG,-0.0860354919755078,0.0789210789210789,-1.7096223107133162,movieTP,hbn,,211.471584,0.2026640578730923,17.622632,U22,Female,163.0,HBNsiteCBIC
sub-NDARFG713PLR,0.3053188521026828,0.0009990009990009,6.076482392531744,movieTP,hbn,,129.170424,0.1917292879518072,10.764202,U11,Male,164.0,HBNsiteCBIC
sub-NDARFG851ZNZ,0.2877889559033126,0.0009990009990009,5.843506627683568,movieTP,hbn,,190.44216,0.1837034051485943,15.87018,U16,Female,165.0,HBNsiteCBIC
sub-NDARFJ179MG0,0.347422535177435,0.0009990009990009,6.775570034969461,movieTP,hbn,,172.406568,0.1211923644843373,14.367214,U15,Female,166.0,HBNsiteCBIC
sub-NDARFJ372JDJ,0.122103637022969,0.0169830169830169,2.4815983549851373,movieTP,hbn,,237.123876,0.577803427388755,19.760323,U22,Female,167.0,HBNsiteRU
sub-NDARFJ494ZDJ,0.3966251452364288,0.0009990009990009,8.110000194129302,movieTP,hbn,,209.06502,0.1527842189318072,17.422085,U22,Male,168.0,HBNsiteCBIC
sub-NDARFM211KDJ,0.4178072359290822,0.0009990009990009,8.340259138911616,movieTP,hbn,,85.270356,0.103586966217269,7.105863,U08,Male,169.0,HBNsiteCBIC
sub-NDARFM619GTV,0.5460933723932089,0.0009990009990009,11.078414293299709,movieTP,hbn,,196.87473599999998,0.2615128422216867,16.406228,U17,Male,170.0,HBNsiteCBIC
sub-NDARFN214WHQ,0.484227657068093,0.0009990009990009,9.829386370078623,movieTP,hbn,,254.67350399999998,0.1591333498032128,21.222792,U22,Other,171.0,HBNsiteRU
sub-NDARFP503KJF,0.2967799836798368,0.0009990009990009,5.77730277229942,movieTP,hbn,,121.05543600000001,0.144274541064257,10.087953,U11,Female,172.0,HBNsiteCBIC
sub-NDARFP841PDJ,0.467828097435264,0.0009990009990009,9.354950442025055,movieTP,hbn,,127.52634,0.2301283196867469,10.627195,U11,Male,173.0,HBNsiteCUNY
sub-NDARFR301KKP,0.3544070458517195,0.0009990009990009,6.763689154587761,movieTP,hbn,,105.40999200000002,0.1470728083935742,8.784166,U09,Female,174.0,HBNsiteRU
sub-NDARFR445XKP,0.3311267595106326,0.0009990009990009,6.570023699082256,movieTP,hbn,,109.54962,0.0878849169449397,9.129135,U10,Female,175.0,HBNsiteCBIC
sub-NDARFT698LLU,0.3678331489941048,0.0009990009990009,7.110002856817239,movieTP,hbn,,143.22792,0.1160171256393574,11.93566,U12,Female,176.0,HBNsiteCBIC
sub-NDARFT787HJW,0.473768645245764,0.0009990009990009,9.226762352754822,movieTP,hbn,,85.14578399999999,0.2011333190118875,7.095482,U08,Male,177.0,HBNsiteCBIC
sub-NDARFU916UZY,0.3618493454908227,0.0009990009990009,7.325662292848559,movieTP,hbn,,102.553044,0.5288433202409639,8.546087,U09,Male,178.0,HBNsiteCBIC
sub-NDARFV061AR5,0.4307130735754969,0.0009990009990009,8.741826801464422,movieTP,hbn,,236.793972,0.1137055711891627,19.732831,U22,Male,179.0,HBNsiteCBIC
sub-NDARFV685ZT2,0.4923798579058374,0.0009990009990009,9.843950586252808,movieTP,hbn,,85.204644,0.1658992420710754,7.100387,U08,Male,180.0,HBNsiteRU
sub-NDARFY009MNL,0.3248634485122104,0.0009990009990009,6.270983757255324,movieTP,hbn,,128.84052,0.1696577969767068,10.73671,U11,Female,181.0,HBNsiteRU
sub-NDARFY525TL2,0.5126521485273061,0.0009990009990009,10.524755476602856,movieTP,hbn,,115.83162,0.0839730408755823,9.652635,U10,Male,182.0,HBNsiteCBIC
sub-NDARGA921UHR,0.3264546921853405,0.0009990009990009,6.566300652451483,movieTP,hbn,,174.633804,0.1098345579638554,14.552817,U15,Male,183.0,HBNsiteCBIC
sub-NDARGB000CW8,0.2989000824544869,0.0009990009990009,5.86701617488844,movieTP,hbn,,142.27788,0.4418151270682731,11.85649,U12,Male,184.0,HBNsiteCBIC
sub-NDARGB040MGR,0.0562603018493788,0.2527472527472527,1.1698491775810371,movieTP,hbn,,188.631072,0.3981763568714859,15.719256,U16,Male,185.0,HBNsiteRU
sub-NDARGB060TAM,0.3896029269428736,0.0009990009990009,7.639485895952686,movieTP,hbn,,225.853524,0.0982203905052208,18.821127,U22,Male,186.0,HBNsiteCBIC
sub-NDARGB441VVD,0.4482351794683785,0.0009990009990009,8.960763703257168,movieTP,hbn,,233.935656,0.1743757615269076,19.494638,U22,Female,187.0,HBNsiteRU
sub-NDARGC148JBJ,0.2641423907174274,0.0009990009990009,5.552628183692864,movieTP,hbn,,182.98014,0.391456008092771,15.248345,U16,Male,188.0,HBNsiteCBIC
sub-NDARGC170UK2,0.3356989690904276,0.0009990009990009,6.735685211342684,movieTP,hbn,,125.653656,0.2935548108553092,10.471138,U11,Male,189.0,HBNsiteRU
sub-NDARGE536BGD,0.4551278780426334,0.0009990009990009,9.131954687915645,movieTP,hbn,,113.13073200000001,0.1641494485807228,9.427561,U10,Male,190.0,HBNsiteRU
sub-NDARGF445UFB,0.4290937617084435,0.0009990009990009,8.27331654169815,movieTP,hbn,,108.89937599999999,0.212036678506024,9.074948,U10,Male,191.0,HBNsiteCBIC
sub-NDARGF543PM2,0.3989955894491714,0.0009990009990009,7.722665938943935,movieTP,hbn,,136.398348,0.1914898347951807,11.366529,U12,Female,192.0,HBNsiteCBIC
sub-NDARGG423UMK,0.3705589754883416,0.0009990009990009,7.396786030845498,movieTP,hbn,,200.225868,0.0877101980293172,16.685489,U17,Female,193.0,HBNsiteCBIC
sub-NDARGH074MU6,0.4774197826381482,0.0009990009990009,9.422267184469264,movieTP,hbn,,193.498968,0.1211312213610441,16.124914,U17,Female,194.0,HBNsiteRU
sub-NDARGH592NZ2,0.4772376337695233,0.0009990009990009,9.483443865860057,movieTP,hbn,,175.323744,0.1282872584598393,14.610312,U15,Male,195.0,HBNsiteCBIC
sub-NDARGH842VFY,0.3748148907061002,0.0009990009990009,7.52994045087364,movieTP,hbn,,147.043116,0.4786002425702811,12.253593,U13,Male,196.0,HBNsiteCBIC
sub-NDARGJ395FKP,0.3976893973332286,0.0009990009990009,7.841244799191529,movieTP,hbn,,173.88363600000002,0.4072843189638554,14.490303,U15,Male,197.0,HBNsiteRU
sub-NDARGJ653MG2,0.5628648643765144,0.0009990009990009,11.305467447545826,movieTP,hbn,,149.967144,0.0942993205264256,12.497262,U13,Male,198.0,HBNsiteRU
sub-NDARGK041TPB,0.3763067473210146,0.0009990009990009,7.771193926205853,movieTP,hbn,,138.625596,0.1329794529365461,11.552133,U12,Male,199.0,HBNsiteRU
sub-NDARGK449LLK,0.4576278928788084,0.0009990009990009,9.245609776544944,movieTP,hbn,,169.73852399999998,0.1479780047831324,14.144877,U15,Other,200.0,HBNsiteRU
sub-NDARGL289TB8,-0.0749332675947963,0.1358641358641358,-1.465198662110064,movieTP,hbn,,156.73374,0.1043641110719142,13.061145,U14,Female,201.0,HBNsiteCUNY
sub-NDARGL800LDW,-0.0918619993920478,0.0489510489510489,-1.965987391965314,movieTP,hbn,,61.943868,0.1874149174738955,5.161989,U08,Male,202.0,HBNsiteRU
sub-NDARGM196JMM,0.5091712410394019,0.0009990009990009,10.12576012479057,movieTP,hbn,,109.22107199999999,0.133773644352008,9.101756,U10,Female,203.0,HBNsiteCBIC
sub-NDARGM439FZD,0.5135719438372686,0.0009990009990009,10.33080799236079,movieTP,hbn,,153.6783,0.1157812580240963,12.806525,U13,Male,204.0,HBNsiteCBIC
sub-NDARGN044FE4,0.3625443456660217,0.0009990009990009,7.200751762509604,movieTP,hbn,,198.788496,0.2535604314614457,16.565708,U17,Male,205.0,HBNsiteRU
sub-NDARGN210CK7,0.2310464954662102,0.0009990009990009,4.623213491251566,movieTP,hbn,,134.09034,0.1543004312959839,11.174195,U12,Female,206.0,HBNsiteCBIC
sub-NDARGN782BZN,0.1775683681993621,0.0009990009990009,3.708545002199021,movieTP,hbn,,150.29568,0.1800320755301204,12.52464,U13,Female,207.0,HBNsiteCBIC
sub-NDARGR893PUA,0.3568594058013198,0.0009990009990009,6.942911159060444,movieTP,hbn,,120.32580000000002,0.2737960138875501,10.02715,U11,Female,208.0,HBNsiteCBIC
sub-NDARGT551AFK,0.3491490284613998,0.0009990009990009,7.00680370369411,movieTP,hbn,,163.404516,0.208347580964257,13.617043,U14,Male,209.0,HBNsiteRU
sub-NDARGU461JX2,0.2182606720274454,0.0009990009990009,4.240826164753811,movieTP,hbn,,203.28267599999998,0.136436979879518,16.940223,U17,Other,210.0,HBNsiteRU
sub-NDARGU844NZ3,0.3669430809528226,0.0009990009990009,7.482824575975403,movieTP,hbn,,157.55646,0.1073328347469879,13.129705,U14,Female,211.0,HBNsiteCBIC
sub-NDARGV781AMW,0.3176954980596403,0.0009990009990009,6.099589509678574,movieTP,hbn,,134.287464,0.2258821934618473,11.190622,U12,Male,212.0,HBNsiteRU
sub-NDARGV948BFZ,0.4404450482722455,0.0009990009990009,8.698771849862254,movieTP,hbn,,108.47090399999999,0.141698464204016,9.039242,U10,Female,213.0,HBNsiteRU
sub-NDARGY559UL3,0.4652749622923478,0.0009990009990009,9.31187456063203,movieTP,hbn,,140.662548,0.2837987615220883,11.721879,U12,Other,214.0,HBNsiteRU
sub-NDARGY622NG6,0.316272431193936,0.0009990009990009,6.332291036289976,movieTP,hbn,,244.392876,0.4426784634763052,20.366073,U22,Male,215.0,HBNsiteRU
sub-NDARGY639ANB,0.4340716463670923,0.0009990009990009,9.091729707456118,movieTP,hbn,,95.716632,0.1810065327309236,7.976386,U08,Male,216.0,HBNsiteCUNY
sub-NDARGZ553TMQ,0.3329313118442187,0.0009990009990009,6.490855444264973,movieTP,hbn,,167.832984,0.0931098448779116,13.986082,U14,Male,217.0,HBNsiteCBIC
sub-NDARHA387FPM,0.3312532323642085,0.0009990009990009,6.684494054425705,movieTP,hbn,,134.986992,0.1651697417839357,11.248916,U12,Male,218.0,HBNsiteRU
sub-NDARHB764VZ2,0.1910428048899777,0.0019980019980019,3.872057255446056,movieTP,hbn,,157.288152,0.3763109847016064,13.107346,U14,Male,219.0,HBNsiteRU
sub-NDARHB803UT9,0.1938866278452006,0.0009990009990009,3.7305380623554742,movieTP,hbn,,243.26624399999997,0.1021255648049798,20.272187,U22,Male,220.0,HBNsiteCBIC
sub-NDARHC083LM6,0.1977027402887451,0.0009990009990009,4.000697383403534,movieTP,hbn,,136.654344,0.175075207317269,11.387862,U12,Female,221.0,HBNsiteCBIC
sub-NDARHC462NGR,0.3842195611639461,0.0009990009990009,7.834516019007183,movieTP,hbn,,105.73989599999999,0.0840015933129317,8.811658,U09,Female,222.0,HBNsiteRU
sub-NDARHC814ZZL,0.0552429307649007,0.2747252747252747,1.0842857929803524,movieTP,hbn,,203.41408800000002,0.0886241510212851,16.951174,U17,Male,223.0,HBNsiteCBIC
sub-NDARHD017XEU,0.3743732030021103,0.0009990009990009,7.56253385854028,movieTP,hbn,,105.67830000000001,0.2279100035477911,8.806525,U09,Male,224.0,HBNsiteCBIC
sub-NDARHD276TYX,0.2319632449760774,0.0009990009990009,4.608702955953169,movieTP,hbn,,158.376444,0.2583466079088353,13.198037,U14,Female,225.0,HBNsiteCBIC
sub-NDARHD931FNA,0.0408601041638031,0.3986013986013986,0.8096797750965355,movieTP,hbn,,85.40862,0.3819619363413654,7.117385,U08,Female,226.0,HBNsiteCBIC
sub-NDARHE772FWW,0.27762095109523,0.0009990009990009,5.599245846208106,movieTP,hbn,,166.124568,0.085897911016024,13.843714,U14,Other,227.0,HBNsiteCBIC
sub-NDARHF150FDY,0.2081726692142788,0.0009990009990009,4.176840913857568,movieTP,hbn,,164.087604,0.1265592515123293,13.673967,U14,Female,228.0,HBNsiteRU
sub-NDARHG065YHQ,0.3162337656439689,0.0009990009990009,6.41993024810816,movieTP,hbn,,199.73990399999997,0.0668892347485943,16.644992,U17,Female,229.0,HBNsiteRU
sub-NDARHG152GZC,0.4994262205879242,0.0009990009990009,10.1884646112707,movieTP,hbn,,207.133464,0.35510341302249,17.261122,U22,Female,230.0,HBNsiteRU
sub-NDARHG260BM9,0.3414587559785178,0.0009990009990009,6.7953033737206745,movieTP,hbn,,99.134832,0.2611208317590361,8.261236,U09,Female,231.0,HBNsiteRU
sub-NDARHH654ZF9,0.413162124136325,0.0009990009990009,8.365580735056875,movieTP,hbn,,125.25392400000001,0.2896419440562248,10.437827,U11,Male,232.0,HBNsiteCBIC
sub-NDARHH757RT9,0.2654449347331318,0.0009990009990009,5.309176676629246,movieTP,hbn,,195.07597199999998,0.1602983121847389,16.256331,U17,Male,233.0,HBNsiteRU
sub-NDARHH802DBM,0.2173496530915467,0.0009990009990009,4.192505200989087,movieTP,hbn,,162.548928,0.1793755814056225,13.545744,U14,Male,234.0,HBNsiteCBIC
sub-NDARHJ034LDM,0.6343741302698389,0.0009990009990009,12.208362380749517,movieTP,hbn,,168.299784,0.2355519216685541,14.024982,U15,Male,235.0,HBNsiteRU
sub-NDARHJ830RXD,0.2866677081582689,0.0009990009990009,5.639365247684288,movieTP,hbn,,101.867208,0.1690280425903614,8.488934,U09,Other,236.0,HBNsiteRU
sub-NDARHL164JHH,0.4637497761095319,0.0009990009990009,9.304035421971705,movieTP,hbn,,227.76590400000003,0.1026115662128513,18.980492,U22,Male,237.0,HBNsiteRU
sub-NDARHM611GDR,0.2145934144533647,0.0009990009990009,4.225605112081229,movieTP,hbn,,149.797392,0.1500934422088353,12.483116,U13,Male,238.0,HBNsiteRU
sub-NDARHN911CNJ,0.1602576825278035,0.0019980019980019,3.1973729870568874,movieTP,hbn,,115.266252,0.4766577329081125,9.605521,U10,Male,239.0,HBNsiteRU
sub-NDARHP841RMR,0.3518910968168888,0.0009990009990009,6.98174093878786,movieTP,hbn,,257.787816,0.1496228917722891,21.482318,U22,Female,240.0,HBNsiteRU
sub-NDARHR372GJ7,0.4820020927081621,0.0009990009990009,9.731162777923268,movieTP,hbn,,178.58316000000002,0.0716423745084336,14.88193,U15,Male,241.0,HBNsiteRU
sub-NDARHR753ZKU,0.3221058209214688,0.0009990009990009,6.553185349772428,movieTP,hbn,,134.911704,0.1545920662730923,11.242642,U12,Male,242.0,HBNsiteRU
sub-NDARHT829KKB,0.3080107343298082,0.0009990009990009,6.189845877653943,movieTP,hbn,,145.17042,0.5888468726024096,12.097535,U13,Male,243.0,HBNsiteRU
sub-NDARHW158PPR,0.2068115038751647,0.0009990009990009,3.984630025949352,movieTP,hbn,,171.80834399999998,0.8944088126907631,14.317362,U15,Female,244.0,HBNsiteRU
sub-NDARHW968ABB,0.1451022832774228,0.0099900099900099,2.878653028015299,movieTP,hbn,,99.79191600000001,0.5851259517991967,8.315993,U09,Female,245.0,HBNsiteCBIC
sub-NDARHX934KJ5,0.5342065613212289,0.0009990009990009,10.835409256569768,movieTP,hbn,,208.15193999999997,0.0618150471393574,17.345995,U22,Male,246.0,HBNsiteCBIC
sub-NDARHX963YU1,0.1781053150010866,0.0009990009990009,3.551497836188672,movieTP,hbn,,115.331964,0.1541260357041365,9.610997,U10,Male,247.0,HBNsiteCBIC
sub-NDARHY676RYH,0.510473460975175,0.0009990009990009,10.190879107211693,movieTP,hbn,,140.76111600000002,0.1966443134044176,11.730093,U12,Male,248.0,HBNsiteCBIC
sub-NDARHZ500ZNT,0.4571830490249102,0.0009990009990009,9.303825061541366,movieTP,hbn,,153.186852,0.188971559506024,12.765571,U13,Male,249.0,HBNsiteRU
sub-NDARHZ923PAH,0.3488027342041948,0.0009990009990009,6.838109307685781,movieTP,hbn,,138.501024,0.1086035101289156,11.541752,U12,Female,250.0,HBNsiteRU
sub-NDARJ257ZU2,0.4995294763486468,0.0009990009990009,9.697047080186085,movieTP,hbn,,136.787124,0.1286132650975903,11.398927,U12,Male,251.0,HBNsiteRU
sub-NDARJA262HTY,0.303675037359827,0.0009990009990009,5.822382805063814,movieTP,hbn,,200.06980800000002,0.1324502323971887,16.672484,U17,Male,252.0,HBNsiteCBIC
sub-NDARJA356XHT,0.4017748093887432,0.0009990009990009,8.0155431882461,movieTP,hbn,,152.687196,0.1635313290160642,12.723933,U13,Male,253.0,HBNsiteCBIC
sub-NDARJA788CH7,0.421882375005602,0.0009990009990009,8.190275680482062,movieTP,hbn,,191.455164,0.1364128369426827,15.954597,U16,Female,254.0,HBNsiteCBIC
sub-NDARJA959GNZ,0.214734461928707,0.0009990009990009,4.358729823650634,movieTP,hbn,,174.312108,0.0885488907791164,14.526009,U15,Female,255.0,HBNsiteCBIC
sub-NDARJB233RL7,0.4272943909887394,0.0009990009990009,8.653577932765412,movieTP,hbn,,119.247084,0.2088159410738955,9.937257,U10,Male,256.0,HBNsiteRU
sub-NDARJB236XDY,0.4634555104915094,0.0009990009990009,9.317524616868075,movieTP,hbn,,154.303896,0.308850070192771,12.858658,U13,Other,257.0,HBNsiteRU
sub-NDARJB501MJL,0.1927559227482874,0.0009990009990009,3.975372010424984,movieTP,hbn,,185.444208,0.2585340434538152,15.453684,U16,Other,258.0,HBNsiteRU
sub-NDARJC010YYF,0.5596077000683971,0.0009990009990009,11.48071400638392,movieTP,hbn,,182.689932,0.1268475889126907,15.224161,U16,Female,259.0,HBNsiteCBIC
sub-NDARJC399UW7,0.4133480630508667,0.0009990009990009,8.196185550406799,movieTP,hbn,,84.751536,0.1872492536345381,7.062628,U08,Male,260.0,HBNsiteCBIC
sub-NDARJE686DJL,0.3487260317902607,0.0009990009990009,6.939679038755648,movieTP,hbn,,91.086924,0.1687145133012048,7.590577,U08,Female,261.0,HBNsiteRU
sub-NDARJF322BN4,0.4884680281300844,0.0009990009990009,9.809435883651735,movieTP,hbn,,197.21012399999998,0.0899346111068272,16.434177,U17,Other,262.0,HBNsiteRU
sub-NDARJF517HC8,0.4503022735436166,0.0009990009990009,8.984704186025883,movieTP,hbn,,125.058168,0.1085136278393574,10.421514,U11,Male,263.0,HBNsiteCBIC
sub-NDARJG298YVA,0.5267188552074089,0.0009990009990009,10.989824896176875,movieTP,hbn,,157.062276,0.1613162145301204,13.088523,U14,Male,264.0,HBNsiteRU
sub-NDARJG738WY6,0.2378290569149202,0.0009990009990009,4.734755371321611,movieTP,hbn,,124.235448,0.5128979878955824,10.352954,U11,Female,265.0,HBNsiteRU
sub-NDARJG740PM8,0.2288404924786052,0.0009990009990009,4.519508143153072,movieTP,hbn,,220.36824000000001,0.2671633931393172,18.36402,U22,Female,266.0,HBNsiteRU
sub-NDARJH367WKY,0.3448807909470297,0.0009990009990009,6.997348089649435,movieTP,hbn,,178.778916,0.1936425489204818,14.898243,U15,Female,267.0,HBNsiteRU
sub-NDARJH492TVW,0.2452966080271893,0.0009990009990009,5.049024003810288,movieTP,hbn,,133.07459999999998,0.189402691028514,11.08955,U12,Male,268.0,HBNsiteCBIC
sub-NDARJH910CGX,0.4162830409577744,0.0009990009990009,8.395954506269653,movieTP,hbn,,149.99862000000002,0.1021942880357429,12.499885,U13,Male,269.0,HBNsiteRU
sub-NDARJJ173BRX,0.4974678736825284,0.0009990009990009,9.79354536224856,movieTP,hbn,,103.33880400000001,0.2573816504176706,8.611567,U09,Male,270.0,HBNsiteCUNY
sub-NDARJJ277JP3,0.3170009372232948,0.0009990009990009,6.403590240615199,movieTP,hbn,,148.613268,0.2625917792971887,12.384439,U13,Male,271.0,HBNsiteCBIC
sub-NDARJK147LNJ,0.4429685366299513,0.0009990009990009,8.737293770173542,movieTP,hbn,,92.34085200000001,0.1122226581630521,7.695071,U08,Male,272.0,HBNsiteCBIC
sub-NDARJL303FKR,0.4872970186792715,0.0009990009990009,9.715702343257998,movieTP,hbn,,162.418884,0.1432548985185182,13.534907,U14,Male,273.0,HBNsiteRU
sub-NDARJL861WTP,0.3071878516280473,0.0009990009990009,6.109238251245817,movieTP,hbn,,83.529084,0.1259222181121164,6.960757,U08,Male,274.0,HBNsiteCBIC
sub-NDARJM765EZF,0.393833743283397,0.0009990009990009,8.022827232865207,movieTP,hbn,,188.071176,0.0735996114048192,15.672598,U16,Male,275.0,HBNsiteCBIC
sub-NDARJM828PAL,0.5533534122102475,0.0009990009990009,11.309989512199726,movieTP,hbn,,74.732364,0.2035488865301204,6.227697,U08,Male,276.0,HBNsiteRU
sub-NDARJR280FEJ,0.5249681600800497,0.0009990009990009,10.44814261441975,movieTP,hbn,,103.347012,0.3844748237349397,8.612251,U09,Female,277.0,HBNsiteRU
sub-NDARJR437DJH,0.3110011801633086,0.0009990009990009,6.090165527137538,movieTP,hbn,,148.35044399999998,0.1697521979558232,12.362537,U13,Other,278.0,HBNsiteCUNY
sub-NDARJR473HXT,0.3731728540591488,0.0009990009990009,7.404073509037144,movieTP,hbn,,107.38124400000001,0.0792632277497991,8.948437,U09,Male,279.0,HBNsiteCBIC
sub-NDARJT064LRE,0.3683297790655901,0.0009990009990009,7.29892121355364,movieTP,hbn,,209.722104,0.1459341067606746,17.476842,U22,Female,280.0,HBNsiteRU
sub-NDARJT588ZAX,0.2680319146347494,0.0009990009990009,5.24890838747744,movieTP,hbn,,93.9822,0.1306093712248995,7.83185,U08,Male,281.0,HBNsiteRU
sub-NDARJV062AM0,0.4415076591376264,0.0009990009990009,9.13795034991978,movieTP,hbn,,114.80629199999998,0.2210041809759036,9.567191,U10,Male,282.0,HBNsiteCBIC
sub-NDARJW072UJ3,0.3595399008669662,0.0009990009990009,7.281198281261949,movieTP,hbn,,131.404512,0.2775539302871485,10.950376,U11,Male,283.0,HBNsiteRU
sub-NDARJW503GA0,0.4072519801456273,0.0009990009990009,8.23927815131854,movieTP,hbn,,88.91718,0.3266985427024096,7.409765,U08,Male,284.0,HBNsiteRU
sub-NDARJX121GKP,0.4163316153310997,0.0009990009990009,8.04658722324303,movieTP,hbn,,142.70088,0.32928244962249,11.89174,U12,Female,285.0,HBNsiteRU
sub-NDARJX258XF0,0.4760458246927246,0.0009990009990009,9.365733416308196,movieTP,hbn,,105.672816,0.3661868535012851,8.806068,U09,Male,286.0,HBNsiteCBIC
sub-NDARJZ274PRQ,0.2729839473800151,0.0009990009990009,5.481466304520166,movieTP,hbn,,117.137568,0.3994737059919678,9.761464,U10,Male,287.0,HBNsiteRU
sub-NDARJZ526HN3,0.3308936155927067,0.0009990009990009,6.43513486342332,movieTP,hbn,,151.01162399999998,0.1916835494578312,12.584302,U13,Male,288.0,HBNsiteRU
sub-NDARJZ888UX6,0.2342113203534211,0.0009990009990009,4.725963407020297,movieTP,hbn,,124.833672,0.2927137908674699,10.402806,U11,Female,289.0,HBNsiteCBIC
sub-NDARKB290YNY,0.3424865433413781,0.0009990009990009,6.879916931536432,movieTP,hbn,,110.43668399999999,0.1774874876955823,9.203057,U10,Male,290.0,HBNsiteCBIC
sub-NDARKB614KGY,0.5123841729544223,0.0009990009990009,10.01951478481378,movieTP,hbn,,127.81656,0.0852551989698794,10.65138,U11,Female,291.0,HBNsiteRU
sub-NDARKD064EVC,0.3896011468153332,0.0009990009990009,7.389345103845932,movieTP,hbn,,167.241612,0.0942883495429718,13.936801,U14,Female,292.0,HBNsiteRU
sub-NDARKF442GZ5,0.5435211865853423,0.0009990009990009,10.850248648411824,movieTP,hbn,,135.77412,0.1628335995265863,11.31451,U12,Female,293.0,HBNsiteCBIC
sub-NDARKF779EK2,0.2979057048934367,0.0009990009990009,5.938094381421236,movieTP,hbn,,112.80218399999998,0.229078526543775,9.400182,U10,Female,294.0,HBNsiteRU
sub-NDARKF909WM5,-0.1971362233276462,0.0009990009990009,-3.934350454631429,movieTP,hbn,,139.64544,0.1175000776285542,11.63712,U12,Male,295.0,HBNsiteRU
sub-NDARKG697CEW,0.2807802800238785,0.0009990009990009,5.597750709561507,movieTP,hbn,,228.744684,0.1222513392864658,19.062057,U22,Male,296.0,HBNsiteCBIC
sub-NDARKG859AGN,-0.0967308625350231,0.0609390609390609,-1.9061714146727915,movieTP,hbn,,168.294312,0.090422396939759,14.024526,U15,Female,297.0,HBNsiteRU
sub-NDARKH168MC1,0.3783036872092806,0.0009990009990009,7.2087767740879665,movieTP,hbn,,161.460636,0.1212998643116465,13.455053,U14,Male,298.0,HBNsiteCBIC
sub-NDARKH171DG8,0.4723433001486329,0.0009990009990009,9.6946024976572,movieTP,hbn,,175.685136,0.1038450522028417,14.640428,U15,Male,299.0,HBNsiteRU
sub-NDARKH944KVE,0.2927594250357096,0.0009990009990009,6.018611628758138,movieTP,hbn,,120.891168,0.1696928546401606,10.074264,U11,Female,300.0,HBNsiteCBIC
sub-NDARKJ546WWQ,0.3776646377969913,0.0009990009990009,7.605166866931569,movieTP,hbn,,162.287472,0.1544462868393574,13.523956,U14,Male,301.0,HBNsiteRU
sub-NDARKK392ZX2,0.3678478904499294,0.0009990009990009,7.197421602299151,movieTP,hbn,,106.231344,0.1888697895783132,8.852612,U09,Female,302.0,HBNsiteRU
sub-NDARKL156NJG,0.250635705809727,0.0009990009990009,5.012437276388614,movieTP,hbn,,111.22518,0.6564227402208835,9.268765,U10,Male,303.0,HBNsiteCUNY
sub-NDARKL327YDQ,0.5051677952325198,0.0009990009990009,10.137893339806803,movieTP,hbn,,192.1848,0.0956351488208835,16.0154,U17,Male,304.0,HBNsiteCBIC
sub-NDARKM497VKX,0.0762337672942182,0.1198801198801198,1.614873987121111,movieTP,hbn,,94.239552,0.36991691437751,7.853296,U08,Male,305.0,HBNsiteRU
sub-NDARKM784VA7,0.431805741095682,0.0009990009990009,9.355949190426497,movieTP,hbn,,250.10129999999998,0.1398689734216867,20.841775,U22,Female,306.0,HBNsiteRU
sub-NDARKN477EBH,0.042716009722026,0.4085914085914086,0.7888868319525958,movieTP,hbn,,156.70225200000002,0.1896718709839357,13.058521,U14,Female,307.0,HBNsiteCBIC
sub-NDARKN633WZA,0.5514260711746987,0.0009990009990009,10.870105366426444,movieTP,hbn,,237.51813600000003,0.2240230161886224,19.793178,U22,Male,308.0,HBNsiteCBIC
sub-NDARKN988BRP,0.4790559532806167,0.0009990009990009,9.844196800001592,movieTP,hbn,,121.24571999999999,0.0902147671630521,10.10381,U11,Female,309.0,HBNsiteCBIC
sub-NDARKP893TWU,0.4203683308763172,0.0009990009990009,8.329660164564684,movieTP,hbn,,102.558516,0.1257647128492369,8.546543,U09,Male,310.0,HBNsiteRU
sub-NDARKT540ZW0,0.3955164744609326,0.0009990009990009,7.787511038072107,movieTP,hbn,,96.96645600000001,0.2420115150819277,8.080538,U09,Male,311.0,HBNsiteRU
sub-NDARKT714TXR,0.3877181264402466,0.0009990009990009,7.847463448793977,movieTP,hbn,,121.809708,0.1229583005971887,10.150809,U11,Male,312.0,HBNsiteCBIC
sub-NDARKV353MTD,0.2661236741615501,0.0009990009990009,5.125117599150891,movieTP,hbn,,121.186848,0.1279639797761445,10.098904,U11,Female,313.0,HBNsiteCBIC
sub-NDARKV461KGZ,0.3836219203452974,0.0009990009990009,7.661298741983271,movieTP,hbn,,207.16495200000003,0.0934263134136546,17.263746,U22,Female,314.0,HBNsiteRU
sub-NDARKV807EMJ,0.5851523616141666,0.0009990009990009,11.88655716484854,movieTP,hbn,,153.40999200000002,0.2200630200096385,12.784166,U13,Female,315.0,HBNsiteCBIC
sub-NDARKW010CT2,0.3201351815968555,0.0009990009990009,6.586046680349421,movieTP,hbn,,119.87268,0.1494790471967871,9.98939,U10,Female,316.0,HBNsiteCBIC
sub-NDARKW383ZPF,0.5263681636883997,0.0009990009990009,10.22378072499966,movieTP,hbn,,116.94729600000001,0.1144715725303212,9.745608,U10,Male,317.0,HBNsiteCBIC
sub-NDARKX665ZD3,0.5242306962955383,0.0009990009990009,10.301798050292875,movieTP,hbn,,205.490748,0.1144301750250602,17.124229,U22,Male,318.0,HBNsiteRU
sub-NDARKX788PHG,0.4179632398928889,0.0009990009990009,8.481831290608604,movieTP,hbn,,151.11156,0.2010893807911646,12.59263,U13,Male,319.0,HBNsiteCBIC
sub-NDARKZ312XR1,0.507647149951402,0.0009990009990009,9.956263139956407,movieTP,hbn,,203.05406399999998,0.1215153186048192,16.921172,U17,Male,320.0,HBNsiteCBIC
sub-NDARKZ634RVX,0.5020200975706633,0.0009990009990009,9.82959974611726,movieTP,hbn,,158.536608,0.2744544488433735,13.211384,U14,Male,321.0,HBNsiteRU
sub-NDARLB162XP2,0.3399824322549034,0.0009990009990009,6.678778041789125,movieTP,hbn,,77.483904,0.416221716,6.456992,U08,Female,322.0,HBNsiteCBIC
sub-NDARLB291FBV,0.350021777280617,0.0009990009990009,7.077168522829546,movieTP,hbn,,175.166316,0.1687477581339437,14.597193,U15,Other,323.0,HBNsiteCUNY
sub-NDARLB547HJD,0.3478592190976546,0.0009990009990009,6.713732006796146,movieTP,hbn,,200.062968,0.5003591153397591,16.671914,U17,Female,324.0,HBNsiteRU
sub-NDARLC770YL9,0.2121887064870903,0.0009990009990009,4.179267267026913,movieTP,hbn,,109.95070799999999,0.0887383574396787,9.162559,U10,Female,325.0,HBNsiteCBIC
sub-NDARLE335PRN,0.4190796700889934,0.0009990009990009,8.775937148938066,movieTP,hbn,,190.995204,0.1125578627951807,15.916267,U16,Female,326.0,HBNsiteCBIC
sub-NDARLE554GYT,0.3186806365811483,0.0009990009990009,6.400513416511299,movieTP,hbn,,201.41136,0.1107157402638553,16.78428,U17,Female,327.0,HBNsiteRU
sub-NDARLF446MT5,0.225723881467801,0.0009990009990009,4.397207557730699,movieTP,hbn,,108.078024,0.2581616882971887,9.006502,U10,Male,328.0,HBNsiteCBIC
sub-NDARLF480DMW,0.2439449337608363,0.0009990009990009,4.74213414055213,movieTP,hbn,,125.74673999999999,0.2066645626144578,10.478895,U11,Male,329.0,HBNsiteRU
sub-NDARLG154ZA3,0.6113365711192503,0.0009990009990009,11.803128301286469,movieTP,hbn,,196.876104,0.0628699274092369,16.406342,U17,Male,330.0,HBNsiteRU
sub-NDARLK690ZK9,0.2609359494197185,0.0009990009990009,5.312635421445817,movieTP,hbn,,119.43873599999999,0.1505299971959839,9.953228,U10,Female,331.0,HBNsiteCBIC
sub-NDARLL626XFF,0.2626272555795017,0.0009990009990009,5.4212333818229945,movieTP,hbn,,134.32853999999998,0.1677559694578312,11.194045,U12,Other,332.0,HBNsiteCBIC
sub-NDARLL720BGU,0.3719905536048231,0.0009990009990009,7.446065346523752,movieTP,hbn,,78.962352,0.2150869427783132,6.580196,U08,Male,333.0,HBNsiteRU
sub-NDARLL790WLF,-0.0683126712531093,0.1568431568431568,-1.396752785438319,movieTP,hbn,,91.381236,0.881274846064257,7.615103,U08,Female,334.0,HBNsiteRU
sub-NDARLL894HC3,0.4711147800188243,0.0009990009990009,9.232292683983694,movieTP,hbn,,215.871312,0.1236388991558634,17.989276,U22,Male,335.0,HBNsiteRU
sub-NDARLL968KK1,0.3207858396468955,0.0009990009990009,6.278653559496016,movieTP,hbn,,182.814504,0.0843501500820782,15.234542,U16,Female,336.0,HBNsiteCBIC
sub-NDARLM196YRG,0.4506585019375916,0.0009990009990009,8.935034710567772,movieTP,hbn,,128.611908,0.1856133439068272,10.717659,U11,Male,337.0,HBNsiteCBIC
sub-NDARLN749FML,0.1922835411329293,0.0009990009990009,3.709786108608161,movieTP,hbn,,145.464744,0.2868687083895582,12.122062,U13,Male,338.0,HBNsiteCBIC
sub-NDARLR030EW6,0.5381322555619087,0.0009990009990009,10.698780007659169,movieTP,hbn,,170.79670800000002,0.1953098053671887,14.233059,U15,Male,339.0,HBNsiteRU
sub-NDARLR083PKF,0.4068725490336517,0.0009990009990009,8.21684726712842,movieTP,hbn,,212.48322000000002,0.1470371657734939,17.706935,U22,Female,340.0,HBNsiteRU
sub-NDARLT314TWP,0.4135993922770397,0.0009990009990009,8.417257441459336,movieTP,hbn,,178.149204,0.0751144457791164,14.845767,U15,Female,341.0,HBNsiteCBIC
sub-NDARLU939YX4,0.379578118549433,0.0009990009990009,7.368623837712529,movieTP,hbn,,163.726212,0.2342401290883534,13.643851,U14,Male,342.0,HBNsiteCBIC
sub-NDARLY483UNZ,0.325179756221976,0.0009990009990009,7.028068132029607,movieTP,hbn,,185.67966,0.1207806463185541,15.473305,U16,Female,343.0,HBNsiteRU
sub-NDARLY687YDQ,0.5256523010964312,0.0009990009990009,10.449545321290948,movieTP,hbn,,202.03422,0.1224719202168674,16.836185,U17,Male,344.0,HBNsiteRU
sub-NDARLZ701LJ3,0.347909251737483,0.0009990009990009,7.114317372222843,movieTP,hbn,,159.889116,0.12072973775502,13.324093,U14,Male,345.0,HBNsiteCBIC
sub-NDARMA273ZL6,0.264167847355049,0.0009990009990009,5.074070934439587,movieTP,hbn,,109.713888,0.1326799128353413,9.142824,U10,Male,346.0,HBNsiteCUNY
sub-NDARMA449YB6,0.2196849984519618,0.0009990009990009,4.623000283604955,movieTP,hbn,,139.2156,0.2996441926666666,11.6013,U12,Female,347.0,HBNsiteCBIC
sub-NDARMA584EM0,0.4196441936058271,0.0009990009990009,8.218147887854547,movieTP,hbn,,103.997256,0.1441568762843373,8.666438,U09,Female,348.0,HBNsiteCBIC
sub-NDARMB216LA6,0.3340301916236002,0.0009990009990009,6.794547024039506,movieTP,hbn,,180.25324799999999,0.2045768329156626,15.021104,U16,Male,349.0,HBNsiteCBIC
sub-NDARMC759CX3,-0.0590920533712665,0.2467532467532467,-1.1248117720806396,movieTP,hbn,,127.854888,0.3067075759036144,10.654574,U11,Female,350.0,HBNsiteRU
sub-NDARMF116AFR,0.2242041330864258,0.0009990009990009,4.504883989119715,movieTP,hbn,,206.11498799999998,0.1198099084240963,17.176249,U22,Female,351.0,HBNsiteRU
sub-NDARMG263JRX,0.3189023526731349,0.0009990009990009,6.551615876758612,movieTP,hbn,,104.588628,0.1446414044578313,8.715719,U09,Male,352.0,HBNsiteRU
sub-NDARMJ219AKU,-0.1851600048456864,0.0009990009990009,-3.881453938105021,movieTP,hbn,,152.754276,0.2023247192088353,12.729523,U13,Female,353.0,HBNsiteRU
sub-NDARMK046ZRK,0.275032643723185,0.0009990009990009,5.664364962905072,movieTP,hbn,,119.305944,0.3207382207028112,9.942162,U10,Female,354.0,HBNsiteCBIC
sub-NDARMK100DJR,0.2946323268855046,0.0009990009990009,5.977573867515625,movieTP,hbn,,91.815192,0.2953840343816867,7.651266,U08,Female,355.0,HBNsiteCBIC
sub-NDARMK825WAX,0.3291692800454445,0.0009990009990009,6.519367887935038,movieTP,hbn,,141.753588,0.1238533852289156,11.812799,U12,Female,356.0,HBNsiteCBIC
sub-NDARMM486AJU,0.2511130283111972,0.0009990009990009,5.141531237756387,movieTP,hbn,,113.53182000000001,0.3569199989236947,9.460985,U10,Female,357.0,HBNsiteRU
sub-NDARMN043YKC,0.2501398640936862,0.0009990009990009,4.881113830836905,movieTP,hbn,,137.707044,0.0830085301244979,11.475587,U12,Female,358.0,HBNsiteCBIC
sub-NDARMN695VFH,0.4039816525828781,0.0009990009990009,8.242765962981206,movieTP,hbn,,196.974672,0.0629835723654618,16.414556,U17,Male,359.0,HBNsiteRU
sub-NDARMV319CAT,0.2584260696347299,0.0009990009990009,5.466730615611462,movieTP,hbn,,245.5989,0.0768137543855421,20.466575,U22,Male,360.0,HBNsiteCBIC
sub-NDARMV605LGH,0.449763206434579,0.0009990009990009,9.075852034758316,movieTP,hbn,,172.900752,0.0844050013321284,14.408396,U15,Female,361.0,HBNsiteCBIC
sub-NDARMY873XG5,0.3642499779546457,0.0009990009990009,7.326208160016918,movieTP,hbn,,184.95687600000002,0.1343348360361445,15.413073,U16,Male,362.0,HBNsiteCBIC
sub-NDARMZ477MNH,0.3755325764751289,0.0009990009990009,7.485618012174732,movieTP,hbn,,100.585896,0.2239996339013654,8.382158,U09,Female,363.0,HBNsiteCBIC
sub-NDARNB427ARE,0.4342231556946064,0.0009990009990009,8.506301652722883,movieTP,hbn,,194.31347999999997,0.1166019242150521,16.19279,U17,Female,364.0,HBNsiteCBIC
sub-NDARND085WZK,0.5192983926617456,0.0009990009990009,10.741568067160598,movieTP,hbn,,130.577676,0.4357053585903614,10.881473,U11,Male,365.0,HBNsiteCUNY
sub-NDARNE758RD6,0.4136133243095515,0.0009990009990009,8.336686993763207,movieTP,hbn,,132.193008,0.1354475735004015,11.016084,U12,Male,366.0,HBNsiteRU
sub-NDARNF873FCV,0.5411920461674584,0.0009990009990009,10.635624091392524,movieTP,hbn,,204.85967999999997,0.12114100145502,17.07164,U22,Male,367.0,HBNsiteCBIC
sub-NDARNH147WGN,0.3443814730878991,0.0009990009990009,6.986666538894618,movieTP,hbn,,97.657764,0.1009158743919678,8.138147,U09,Female,368.0,HBNsiteCBIC
sub-NDARNH285EWA,0.6519727658075066,0.0009990009990009,13.12814154123954,movieTP,hbn,,129.694728,0.182679696388755,10.807894,U11,Male,369.0,HBNsiteCUNY
sub-NDARNJ633HHX,0.5564233951874841,0.0009990009990009,11.314034084566336,movieTP,hbn,,203.118408,0.1162154163429718,16.926534,U17,Female,370.0,HBNsiteCBIC
sub-NDARNK740ZVM,0.3295056480473949,0.0009990009990009,6.615839991090913,movieTP,hbn,,140.73511200000002,0.1261647211967871,11.727926,U12,Male,371.0,HBNsiteRU
sub-NDARNL587LVL,0.2295475690208024,0.0009990009990009,4.785080515752332,movieTP,hbn,,172.171104,0.7441095103614457,14.347592,U15,Female,372.0,HBNsiteCBIC
sub-NDARNN142WYB,0.3882268628635616,0.0009990009990009,7.656590025811965,movieTP,hbn,,84.882948,0.1113138664497991,7.073579,U08,Male,373.0,HBNsiteRU
sub-NDARNN218UGY,0.4771676564450756,0.0009990009990009,9.221432008956842,movieTP,hbn,,163.43736,0.2531907340562249,13.61978,U14,Female,374.0,HBNsiteRU
sub-NDARNN624AMU,0.3595416700426677,0.0009990009990009,7.080670914499928,movieTP,hbn,,171.256668,0.1229257541485943,14.271389,U15,Male,375.0,HBNsiteCBIC
sub-NDARNN761ZPA,0.3315146940359866,0.0009990009990009,6.503471063440165,movieTP,hbn,,147.76591200000001,0.3519598496941365,12.313826,U13,Other,376.0,HBNsiteCUNY
sub-NDARNT151UN1,0.3940687934361705,0.0009990009990009,7.933376740838108,movieTP,hbn,,78.10814400000001,0.5432055031293173,6.509012,U08,Female,377.0,HBNsiteCBIC
sub-NDARNX223DY3,0.3252710022723495,0.0009990009990009,6.669164879632226,movieTP,hbn,,101.434632,0.1314317413739356,8.452886,U09,Female,378.0,HBNsiteRU
sub-NDARNX477HZ4,0.2396150158137998,0.0009990009990009,4.739620200995557,movieTP,hbn,,108.272412,0.1091052031889558,9.022701,U10,Female,379.0,HBNsiteCBIC
sub-NDARNY205RK8,0.0476986207360814,0.3546453546453546,0.8715420155690632,movieTP,hbn,,113.563308,0.7077483363594378,9.463609,U10,Female,380.0,HBNsiteRU
sub-NDARNY419GR2,0.2024654473917257,0.0009990009990009,4.190177468119575,movieTP,hbn,,177.794652,0.2247855194979919,14.816221,U15,Male,381.0,HBNsiteCBIC
sub-NDARNZ084JVC,0.5227528540646819,0.0009990009990009,10.719297593866669,movieTP,hbn,,157.52223600000002,0.1201862027389557,13.126853,U14,Male,382.0,HBNsiteCBIC
sub-NDARNZ141GNH,0.3075851077875627,0.0009990009990009,6.167203862372348,movieTP,hbn,,154.855572,0.1622578979558233,12.904631,U13,Female,383.0,HBNsiteCBIC
sub-NDARPE752VYE,0.4778679896520393,0.0009990009990009,9.730691911402982,movieTP,hbn,,89.84394,0.1415996498313252,7.486995,U08,Female,384.0,HBNsiteCBIC
sub-NDARPE830YU0,0.2269386294333244,0.0009990009990009,4.535208700368697,movieTP,hbn,,129.983568,0.1586338094345381,10.831964,U11,Other,385.0,HBNsiteRU
sub-NDARPF362VH8,0.4094580842295076,0.0009990009990009,8.353661500060793,movieTP,hbn,,98.22039600000001,0.0882167775759035,8.185033,U09,Other,386.0,HBNsiteCBIC
sub-NDARPF459CME,0.2245034367227371,0.0009990009990009,4.465053345824777,movieTP,hbn,,129.104712,0.5053307155100402,10.758726,U11,Male,387.0,HBNsiteCBIC
sub-NDARPF682GDC,0.3524961642475724,0.0009990009990009,6.902109221672372,movieTP,hbn,,167.938392,0.3199859489014297,13.994866,U14,Male,388.0,HBNsiteCBIC
sub-NDARPF937BDQ,0.3754707957610094,0.0009990009990009,7.625015500457413,movieTP,hbn,,122.98699199999999,0.2319530415622489,10.248916,U11,Male,389.0,HBNsiteCBIC
sub-NDARPH567WUB,0.3603015796211419,0.0009990009990009,7.066649862983924,movieTP,hbn,,154.236816,0.1213164844297188,12.853068,U13,Female,390.0,HBNsiteCUNY
sub-NDARPJ502KEH,0.3566075960411002,0.0009990009990009,7.100223689837845,movieTP,hbn,,228.587268,0.0791165315401606,19.048939,U22,Other,391.0,HBNsiteCBIC
sub-NDARPL215MTH,0.309002790894716,0.0009990009990009,6.374972825029941,movieTP,hbn,,123.579732,0.197005772128514,10.298311,U11,Female,392.0,HBNsiteCBIC
sub-NDARPL479LHN,0.4514394168830644,0.0009990009990009,9.11943057376338,movieTP,hbn,,96.046536,0.1459784041767068,8.003878,U09,Female,393.0,HBNsiteRU
sub-NDARPL598MVU,0.3965762372195968,0.0009990009990009,7.638317434726546,movieTP,hbn,,80.242296,0.1940651711646586,6.686858,U08,Female,394.0,HBNsiteCBIC
sub-NDARPM105MKA,0.4481830414556121,0.0009990009990009,8.883218608428127,movieTP,hbn,,112.18479599999999,0.1296844896500401,9.348733,U10,Male,395.0,HBNsiteRU
sub-NDARPN886HH9,0.3761753839055113,0.0009990009990009,7.672143227765149,movieTP,hbn,,262.788492,0.155969796557028,21.899041,U22,Female,396.0,HBNsiteCBIC
sub-NDARPU329MDJ,0.630330043728356,0.0009990009990009,12.802366372322227,movieTP,hbn,,111.060912,0.171604457381526,9.255076,U10,Male,397.0,HBNsiteCBIC
sub-NDARPV009TYX,0.1991426019900083,0.0009990009990009,4.04444605287181,movieTP,hbn,,74.435316,0.3259741601526104,6.202943,U08,Male,398.0,HBNsiteRU
sub-NDARPV412JEN,0.5546743110095111,0.0009990009990009,11.119161888738615,movieTP,hbn,,180.22176000000002,0.2282194613654618,15.01848,U16,Other,399.0,HBNsiteCUNY
sub-NDARPX219TW0,0.5622636385605102,0.0009990009990009,11.271725925114694,movieTP,hbn,,187.28951999999998,0.1404182811871606,15.60746,U16,Female,400.0,HBNsiteRU
sub-NDARPY478YM0,0.0205568434561358,0.6663336663336663,0.4026774046845419,movieTP,hbn,,217.54825200000002,0.1059746800200803,18.129021,U22,Female,401.0,HBNsiteCBIC
sub-NDARRB359CRR,0.4631561127602253,0.0009990009990009,9.348123412197316,movieTP,hbn,,130.780284,0.1612133428855421,10.898357,U11,Male,402.0,HBNsiteRU
sub-NDARRB901DWV,0.3623881835190374,0.0009990009990009,7.061693946345993,movieTP,hbn,,163.62764399999998,0.1115279853630521,13.635637,U14,Female,403.0,HBNsiteCBIC
sub-NDARRB942UWU,0.4351300855664021,0.0009990009990009,8.780152180473282,movieTP,hbn,,192.907596,0.0922985890843373,16.075633,U17,Female,404.0,HBNsiteRU
sub-NDARRC295CHW,0.4377805935168474,0.0009990009990009,8.735455968030308,movieTP,hbn,,149.82888,0.1405060512851405,12.48574,U13,Female,405.0,HBNsiteCBIC
sub-NDARRG199RU4,0.5285100757932062,0.0009990009990009,10.801187634497378,movieTP,hbn,,134.487336,0.1089411809120481,11.207278,U12,Male,406.0,HBNsiteRU
sub-NDARRK213WCF,0.4412283361448702,0.0009990009990009,9.13167206458606,movieTP,hbn,,124.93086,0.0811638610176706,10.410905,U11,Female,407.0,HBNsiteRU
sub-NDARRK545WNM,0.4485304656861474,0.0009990009990009,8.753671160196557,movieTP,hbn,,237.390828,0.0995542976365903,19.782569,U22,Male,408.0,HBNsiteCBIC
sub-NDARRL315KV3,0.432282682294616,0.0009990009990009,8.436063387879875,movieTP,hbn,,155.158104,0.1239016960273092,12.929842,U13,Male,409.0,HBNsiteCBIC
sub-NDARRL379BET,0.4708856361099212,0.0009990009990009,9.09974363377091,movieTP,hbn,,138.361392,0.1781129361445783,11.530116,U12,Male,410.0,HBNsiteCBIC
sub-NDARRP801AX1,0.5194122422008308,0.0009990009990009,10.517378776110466,movieTP,hbn,,168.791232,0.1596305377718875,14.065936,U15,Male,411.0,HBNsiteRU
sub-NDARRP818DWL,0.2804138091101481,0.0009990009990009,5.399806932197246,movieTP,hbn,,164.941812,0.1068411595740963,13.745151,U14,Female,412.0,HBNsiteRU
sub-NDARRU290EZV,0.398072212984265,0.0009990009990009,8.276558023369375,movieTP,hbn,,135.07734,0.1996619634578313,11.256445,U12,Male,413.0,HBNsiteCBIC
sub-NDARRU499DP2,0.4216424738641539,0.0009990009990009,8.78482254820996,movieTP,hbn,,245.83024799999998,0.0860002947108433,20.485854,U22,Male,414.0,HBNsiteRU
sub-NDARRU729XRU,0.428663167423817,0.0009990009990009,8.530733728005178,movieTP,hbn,,81.793284,0.2120544508393574,6.816107,U08,Male,415.0,HBNsiteRU
sub-NDARRU979UBW,0.1553703932089413,0.0039960039960039,3.061935500763971,movieTP,hbn,,142.273776,0.1600050689036144,11.856148,U12,Female,416.0,HBNsiteCBIC
sub-NDARRV002MA8,0.3784116836650896,0.0009990009990009,7.694823917189892,movieTP,hbn,,112.08624,0.3556416626479518,9.34052,U10,Male,417.0,HBNsiteRU
sub-NDARRV217VTA,0.1427861154836427,0.0019980019980019,2.768394231294736,movieTP,hbn,,132.25188,0.1028274331836224,11.02099,U12,Male,418.0,HBNsiteCUNY
sub-NDARRV688GUX,0.3511036418706623,0.0009990009990009,7.090982289347227,movieTP,hbn,,190.90348799999998,0.1150305710699196,15.908624,U16,Male,419.0,HBNsiteCBIC
sub-NDARRV837BZQ,0.3636463566896701,0.0009990009990009,7.093344450839807,movieTP,hbn,,120.654336,0.2213775279839357,10.054528,U11,Male,420.0,HBNsiteRU
sub-NDARRW100AU0,-0.2561146168396982,0.0009990009990009,-5.2685970477837065,movieTP,hbn,,92.012316,0.1668185287068272,7.667693,U08,Male,421.0,HBNsiteRU
sub-NDARRW141HUT,0.4381221564275577,0.0009990009990009,8.976019453266572,movieTP,hbn,,178.517448,0.1870522808353413,14.876454,U15,Other,422.0,HBNsiteRU
sub-NDARRW475MPT,0.5074113541328225,0.0009990009990009,10.15343990516126,movieTP,hbn,,156.57084,0.1878285347208835,13.04757,U14,Female,423.0,HBNsiteCBIC
sub-NDARRW536ZM2,-0.1336188261366818,0.0079920079920079,-2.656479697589014,movieTP,hbn,,204.79945200000003,0.0774050976488754,17.066621,U22,Male,424.0,HBNsiteCUNY
sub-NDARRW940BL6,0.4295359689234816,0.0009990009990009,8.383702204738162,movieTP,hbn,,112.217652,0.1747400247578313,9.351471,U10,Female,425.0,HBNsiteRU
sub-NDARRX897XV1,0.3598657866861445,0.0009990009990009,7.184801714238774,movieTP,hbn,,142.633812,0.2207198775561445,11.886151,U12,Male,426.0,HBNsiteCBIC
sub-NDARRY280KNW,0.3818056658701432,0.0009990009990009,7.89557607676108,movieTP,hbn,,95.39629199999999,0.1366808496670682,7.949691,U08,Male,427.0,HBNsiteRU
sub-NDARRZ927VC3,0.2259027064552365,0.0009990009990009,4.619865154997278,movieTP,hbn,,98.97603600000001,0.1643446116361445,8.248003,U09,Male,428.0,HBNsiteRU
sub-NDARTB203DU7,0.3297338230232646,0.0009990009990009,6.308458223076747,movieTP,hbn,,78.536616,0.2093405318674698,6.544718,U08,Male,429.0,HBNsiteCBIC
sub-NDARTC795CR3,0.3782261984997714,0.0009990009990009,7.400361276484759,movieTP,hbn,,177.986304,0.1870514062570281,14.832192,U15,Other,430.0,HBNsiteCUNY
sub-NDARTE432ZRH,0.3100179344614796,0.0009990009990009,6.125679215749042,movieTP,hbn,,114.845988,0.3852240580722891,9.570499,U10,Male,431.0,HBNsiteRU
sub-NDARTE553VC1,0.5494303768087334,0.0009990009990009,10.860285518798202,movieTP,hbn,,163.14168,0.1621893996566264,13.59514,U14,Male,432.0,HBNsiteCBIC
sub-NDARTF566PYH,0.2550470932307491,0.0009990009990009,4.951063212865937,movieTP,hbn,,111.38944799999999,0.158943690091119,9.282454,U10,Male,433.0,HBNsiteRU
sub-NDARTF781TM8,0.3950305275078769,0.0009990009990009,7.850785196678669,movieTP,hbn,,169.385352,0.1984195638811244,14.115446,U15,Female,434.0,HBNsiteCBIC
sub-NDARTG937LDA,0.2442823135465754,0.0009990009990009,5.0138071739403065,movieTP,hbn,,167.04996,0.1314806068554216,13.92083,U14,Female,435.0,HBNsiteRU
sub-NDARTJ433TB5,0.2987813300685931,0.0009990009990009,5.902461571186139,movieTP,hbn,,155.97261600000002,0.115208226570281,12.997718,U13,Female,436.0,HBNsiteCBIC
sub-NDARTJ862ENU,0.5047310104876174,0.0009990009990009,9.997688773840393,movieTP,hbn,,173.549616,0.0925530562142971,14.462468,U15,Female,437.0,HBNsiteCBIC
sub-NDARTN173MXV,-0.0099382462053311,0.8411588411588412,-0.1942605232211545,movieTP,hbn,,92.568096,0.6680603660160643,7.714008,U08,Female,438.0,HBNsiteRU
sub-NDARTN760YH8,0.3439532616080865,0.0009990009990009,7.0994995833266445,movieTP,hbn,,261.835728,0.2536477434184738,21.819644,U22,Female,439.0,HBNsiteRU
sub-NDARTP022VL6,0.3530985927063816,0.0009990009990009,6.9856738919642645,movieTP,hbn,,151.806972,0.1556987458136546,12.650581,U13,Female,440.0,HBNsiteRU
sub-NDARTR175UDC,0.4343888504207581,0.0009990009990009,8.871417016279539,movieTP,hbn,,150.0,0.2828090951726907,12.5,U13,Male,441.0,HBNsiteCBIC
sub-NDARTU280GKF,0.3680530260654991,0.0009990009990009,7.329634136916385,movieTP,hbn,,95.100612,0.2903201588433735,7.925051,U08,Male,442.0,HBNsiteCBIC
sub-NDARTV480WBU,0.2452688653518246,0.0009990009990009,4.824430754314191,movieTP,hbn,,125.72073599999999,0.1224803768698795,10.476728,U11,Male,443.0,HBNsiteCBIC
sub-NDARTW850GHU,0.3319557747977996,0.0009990009990009,6.597080828177965,movieTP,hbn,,184.036956,0.0635309344839357,15.336413,U16,Male,444.0,HBNsiteRU
sub-NDARTX575YBU,0.3222752626220991,0.0009990009990009,6.453697320057406,movieTP,hbn,,90.335376,0.2887455090843373,7.527948,U08,Male,445.0,HBNsiteRU
sub-NDARTX659HAF,0.2717774207777751,0.0009990009990009,5.382603164707831,movieTP,hbn,,196.158792,0.1265900683534136,16.346566,U17,Female,446.0,HBNsiteRU
sub-NDARTY225EWV,0.2257254643198614,0.0009990009990009,4.557507276865338,movieTP,hbn,,94.20807599999999,0.585946812004016,7.850673,U08,Male,447.0,HBNsiteRU
sub-NDARUA745NA8,0.5079178517762931,0.0009990009990009,10.339778167889827,movieTP,hbn,,111.946608,0.1411523246596019,9.328884,U10,Female,448.0,HBNsiteCBIC
sub-NDARUA832MYV,0.5322840854610711,0.0009990009990009,10.368866887005776,movieTP,hbn,,192.48049199999997,0.2408038131004015,16.040041,U17,Male,449.0,HBNsiteRU
sub-NDARUC851WHU,0.3264824306010872,0.0009990009990009,6.465492368355576,movieTP,hbn,,212.874732,0.7062443009317269,17.739561,U22,Male,450.0,HBNsiteRU
sub-NDARUF540ZJ1,0.44689381728723,0.0009990009990009,8.643002180293282,movieTP,hbn,,209.36755200000002,0.0983200526349397,17.447296,U22,Male,451.0,HBNsiteRU
sub-NDARUG091CY1,0.4606133607521222,0.0009990009990009,9.224567110469795,movieTP,hbn,,109.227924,0.2285914809651405,9.102327,U10,Other,452.0,HBNsiteRU
sub-NDARUH536DUK,0.416279342535525,0.0009990009990009,8.47324361701447,movieTP,hbn,,172.33948800000002,0.1328526713393573,14.361624,U15,Male,453.0,HBNsiteRU
sub-NDARUJ292JXV,0.5314052260571553,0.0009990009990009,10.488439881066068,movieTP,hbn,,155.906904,0.2569189714226104,12.992242,U13,Male,454.0,HBNsiteCBIC
sub-NDARUK101YT3,0.2969643178168105,0.0009990009990009,5.914317626747014,movieTP,hbn,,134.459952,0.1551468604658634,11.204996,U12,Male,455.0,HBNsiteCBIC
sub-NDARUL290YKN,0.2679090792527056,0.0009990009990009,5.182959160020184,movieTP,hbn,,95.593428,0.1459222200724096,7.966119,U08,Female,456.0,HBNsiteCBIC
sub-NDARUM791WPF,0.3271315080473305,0.0009990009990009,6.577999730567356,movieTP,hbn,,243.297732,0.0834807332156626,20.274811,U22,Male,457.0,HBNsiteRU
sub-NDARUP249AMD,0.4644138074672264,0.0009990009990009,9.388879621676669,movieTP,hbn,,157.121148,0.1225330711799196,13.093429,U14,Female,458.0,HBNsiteRU
sub-NDARUR987CDM,0.4510909496164166,0.0009990009990009,9.070695256703884,movieTP,hbn,,152.06296799999998,0.1419969335048193,12.671914,U13,Male,459.0,HBNsiteRU
sub-NDARUT891XYJ,0.3647710245005333,0.0009990009990009,7.171009487428173,movieTP,hbn,,211.036272,0.0857108961736545,17.586356,U22,Male,460.0,HBNsiteCBIC
sub-NDARUU615WPR,0.3368154110362821,0.0009990009990009,6.605833285745068,movieTP,hbn,,96.572208,0.4860063131325301,8.047684,U09,Male,461.0,HBNsiteCBIC
sub-NDARUV041YCY,0.3038885294874156,0.0009990009990009,5.758478896105057,movieTP,hbn,,80.316216,0.2030035466232931,6.693018,U08,Male,462.0,HBNsiteCBIC
sub-NDARUV263YB5,-0.2307879065487029,0.0009990009990009,-4.554761149033999,movieTP,hbn,,184.81998,0.1097890496190361,15.401665,U16,Female,463.0,HBNsiteRU
sub-NDARUW206XUG,0.3104247740621937,0.0009990009990009,6.2038064249330604,movieTP,hbn,,179.53592400000002,0.1260834705622489,14.961327,U15,Female,464.0,HBNsiteCBIC
sub-NDARUX187JTB,0.5321966967952214,0.0009990009990009,10.523308219081564,movieTP,hbn,,128.15058,0.1051260231759036,10.679215,U11,Other,465.0,HBNsiteCUNY
sub-NDARUX408KJ1,0.5087790727936877,0.0009990009990009,10.182197010767702,movieTP,hbn,,169.344276,0.113385894175261,14.112023,U15,Female,466.0,HBNsiteCBIC
sub-NDARUX885LMW,0.3641048735506512,0.0009990009990009,7.093227527124084,movieTP,hbn,,129.886368,0.2217485686899598,10.823864,U11,Female,467.0,HBNsiteCBIC
sub-NDARUZ368BT4,0.3738848877271886,0.0009990009990009,7.374418736578794,movieTP,hbn,,96.44763599999999,0.1003071727068272,8.037303,U09,Female,468.0,HBNsiteCBIC
sub-NDARVB151GXF,0.3275110827328627,0.0009990009990009,6.519569620342993,movieTP,hbn,,87.805608,0.4081988359116465,7.317134,U08,Male,469.0,HBNsiteCBIC
sub-NDARVB587ECK,0.1620918096081775,0.0019980019980019,3.3298049811851347,movieTP,hbn,,103.34290800000001,0.4665946174779116,8.611909,U09,Male,470.0,HBNsiteCBIC
sub-NDARVB897AH1,0.4974509173726653,0.0009990009990009,9.631533623172896,movieTP,hbn,,177.590688,0.1034264227951807,14.799224,U15,Male,471.0,HBNsiteRU
sub-NDARVC195NLH,0.1975844035282625,0.0019980019980019,3.971826020389027,movieTP,hbn,,203.419572,0.1798844190602409,16.951631,U17,Male,472.0,HBNsiteCBIC
sub-NDARVC673HFA,0.4227056863608477,0.0009990009990009,8.457397049018711,movieTP,hbn,,120.227232,0.1843888293730923,10.018936,U11,Male,473.0,HBNsiteCBIC
sub-NDARVD495YP9,0.3450312123813774,0.0009990009990009,7.103813606473521,movieTP,hbn,,92.763852,0.5013853528915663,7.730321,U08,Male,474.0,HBNsiteCUNY
sub-NDARVF159VP9,0.3809285411373862,0.0009990009990009,7.824267843162475,movieTP,hbn,,122.171112,0.2403622715457429,10.180926,U11,Female,475.0,HBNsiteCBIC
sub-NDARVG127VW5,0.4454995762650865,0.0009990009990009,8.814911934738674,movieTP,hbn,,185.837088,0.2048028431895582,15.486424,U16,Female,476.0,HBNsiteCBIC
sub-NDARVG132NF6,0.4561140267059758,0.0009990009990009,8.835503231797333,movieTP,hbn,,108.631068,0.1689973018072288,9.052589,U10,Female,477.0,HBNsiteCBIC
sub-NDARVG808PKQ,0.2500536728887897,0.0009990009990009,5.086361605991494,movieTP,hbn,,118.754268,0.155346648626506,9.896189,U10,Other,478.0,HBNsiteRU
sub-NDARVL190JA8,0.2321538067979635,0.0009990009990009,4.722147897611077,movieTP,hbn,,182.093076,0.1772117473694779,15.174423,U16,Male,479.0,HBNsiteCBIC
sub-NDARVL697YGK,0.2095764018347325,0.0009990009990009,4.124726678863298,movieTP,hbn,,149.670084,0.0921264147148594,12.472507,U13,Female,480.0,HBNsiteRU
sub-NDARVN280JTN,0.2773837308941035,0.0009990009990009,5.662650396388472,movieTP,hbn,,147.241608,0.1183496182008031,12.270134,U13,Female,481.0,HBNsiteCBIC
sub-NDARVN363NNQ,0.103721675006303,0.0419580419580419,2.0395768870142823,movieTP,hbn,,112.67761200000001,0.2123852896630923,9.389801,U10,Female,482.0,HBNsiteCBIC
sub-NDARVU416CR6,0.4437556546134747,0.0009990009990009,9.05823190755216,movieTP,hbn,,117.69609599999998,0.1065150556201606,9.808008,U10,Male,483.0,HBNsiteCBIC
sub-NDARVX111CNA,0.3758469850800898,0.0009990009990009,7.56923122347054,movieTP,hbn,,117.894588,0.1218167649493975,9.824549,U10,Female,484.0,HBNsiteCBIC
sub-NDARVX547MA0,0.6707615438568425,0.0009990009990009,13.719625796371092,movieTP,hbn,,201.088284,0.1175007999913252,16.757357,U17,Female,485.0,HBNsiteCBIC
sub-NDARVY378DFK,0.3615968309902392,0.0009990009990009,7.498308387237921,movieTP,hbn,,126.574944,0.1188188564750562,10.547912,U11,Male,486.0,HBNsiteCBIC
sub-NDARVY938WR6,0.6832418682754011,0.0009990009990009,14.058181200278344,movieTP,hbn,,199.96576799999997,0.3836837735702811,16.663814,U17,Male,487.0,HBNsiteCBIC
sub-NDARWA351ZE2,0.4625804730591658,0.0009990009990009,9.138415210169436,movieTP,hbn,,84.876108,0.1479486612987951,7.073009,U08,Female,488.0,HBNsiteRU
sub-NDARWA433WYZ,0.2741866420501293,0.0009990009990009,5.358305286197358,movieTP,hbn,,157.25529600000002,0.2489323814056224,13.104608,U14,Female,489.0,HBNsiteRU
sub-NDARWA513WM2,0.5278170361836285,0.0009990009990009,10.071689751798912,movieTP,hbn,,175.325112,0.138518345879518,14.610426,U15,Male,490.0,HBNsiteRU
sub-NDARWC399JLD,0.4115724951014977,0.0009990009990009,8.23717408508605,movieTP,hbn,,129.630384,0.1243036482400802,10.802532,U11,Female,491.0,HBNsiteCBIC
sub-NDARWD911WBU,0.3665408584716514,0.0009990009990009,7.339513156324524,movieTP,hbn,,72.91580400000001,0.1426680958337349,6.076317,U08,Female,492.0,HBNsiteRU
sub-NDARWE818UA6,0.5418025362724617,0.0009990009990009,10.808637840029077,movieTP,hbn,,193.00478400000003,0.068943296294016,16.083732,U17,Female,493.0,HBNsiteCBIC
sub-NDARWE898TG8,0.4604231523773555,0.0009990009990009,9.025866779780484,movieTP,hbn,,173.61532799999998,0.2566447252216867,14.467944,U15,Male,494.0,HBNsiteCBIC
sub-NDARWG549LCF,0.2521268756012551,0.0009990009990009,5.010108037245503,movieTP,hbn,,111.35797199999999,0.1743003754224899,9.279831,U10,Female,495.0,HBNsiteCBIC
sub-NDARWH779MZ2,0.3924594809963333,0.0009990009990009,7.89077989967821,movieTP,hbn,,96.63790800000001,0.1616783383259036,8.053159,U09,Male,496.0,HBNsiteRU
sub-NDARWJ414WB8,0.5265052743834425,0.0009990009990009,10.595469526863337,movieTP,hbn,,141.362076,0.0827967283871485,11.780173,U12,Male,497.0,HBNsiteCBIC
sub-NDARWN709HA2,-0.1552179420200156,0.0019980019980019,-3.183225467945917,movieTP,hbn,,108.43941600000001,0.1083875019076304,9.036618,U10,Female,498.0,HBNsiteRU
sub-NDARWP732GD1,0.3705101610496908,0.0009990009990009,7.259077699290995,movieTP,hbn,,192.539352,0.2304724876465863,16.044946,U17,Female,499.0,HBNsiteCBIC
sub-NDARWR247CE1,0.3151741581228475,0.0009990009990009,6.4248182717715085,movieTP,hbn,,197.96029199999998,0.119620194004016,16.496691,U17,Female,500.0,HBNsiteCBIC
sub-NDARWV405ZW0,0.546939892382226,0.0009990009990009,11.028278366654304,movieTP,hbn,,122.06707200000001,0.1189499938176706,10.172256,U11,Female,501.0,HBNsiteRU
sub-NDARWX605LAD,0.5022325472306588,0.0009990009990009,9.80751049675672,movieTP,hbn,,113.623536,0.1093254483264658,9.468628,U10,Female,502.0,HBNsiteCBIC
sub-NDARWY718TY7,0.2174950124493569,0.0009990009990009,4.556836959485668,movieTP,hbn,,141.911016,0.1245271184538152,11.825918,U12,Female,503.0,HBNsiteCBIC
sub-NDARXE193CZ1,0.4866758639489053,0.0009990009990009,9.923403660261515,movieTP,hbn,,102.454476,0.1245652994271485,8.537873,U09,Male,504.0,HBNsiteCBIC
sub-NDARXG961UAB,0.1227619587860336,0.0099900099900099,2.5081273058213216,movieTP,hbn,,156.59958,0.4680454178333333,13.049965,U14,Female,505.0,HBNsiteCUNY
sub-NDARXL697DA6,0.4746338827745335,0.0009990009990009,9.798526356036046,movieTP,hbn,,101.377128,0.1777391761726907,8.448094,U09,Male,506.0,HBNsiteCBIC
sub-NDARXL801JVG,0.4623049146513218,0.0009990009990009,9.070284116805835,movieTP,hbn,,99.462012,0.1714724108272289,8.288501,U09,Female,507.0,HBNsiteCUNY
sub-NDARXR346UT5,0.2755638680804968,0.0009990009990009,5.435176825951618,movieTP,hbn,,92.662548,0.2499916856465863,7.721879,U08,Female,508.0,HBNsiteCBIC
sub-NDARXT196WPG,0.1937269595264293,0.0009990009990009,3.976603666380845,movieTP,hbn,,166.918548,0.2564660713895582,13.909879,U14,Female,509.0,HBNsiteCUNY
sub-NDARXT727MD7,0.3679828764284159,0.0009990009990009,7.263740412497919,movieTP,hbn,,209.10334799999998,0.1310463188273092,17.425279,U22,Female,510.0,HBNsiteCBIC
sub-NDARXU376FDN,0.3321206761840307,0.0009990009990009,6.527245645781023,movieTP,hbn,,149.377128,0.1141418906385541,12.448094,U13,Male,511.0,HBNsiteCBIC
sub-NDARXY532ZTT,0.2422687692857006,0.0009990009990009,4.955472065125089,movieTP,hbn,,102.12594000000001,0.1926610406393574,8.510495,U09,Male,512.0,HBNsiteCBIC
sub-NDARXZ902NFM,0.384123846339351,0.0009990009990009,7.717435490249826,movieTP,hbn,,133.047216,0.2273013997148594,11.087268,U12,Male,513.0,HBNsiteCBIC
sub-NDARYD585PXP,0.1631419281107654,0.0019980019980019,3.121548387106844,movieTP,hbn,,185.971248,0.1748171720088353,15.497604,U16,Female,514.0,HBNsiteCBIC
sub-NDARYE221LZB,0.1854181621931402,0.0009990009990009,3.839903154973455,movieTP,hbn,,174.772068,0.1681678613485943,14.564339,U15,Male,515.0,HBNsiteCBIC
sub-NDARYE850ZVD,0.3688374287182161,0.0009990009990009,7.516462186761426,movieTP,hbn,,231.438732,0.0575737170586345,19.286561,U22,Female,516.0,HBNsiteCBIC
sub-NDARYF699FW0,0.5244464124250301,0.0009990009990009,10.85012157601746,movieTP,hbn,,219.125256,0.1576204045614457,18.260438,U22,Female,517.0,HBNsiteCBIC
sub-NDARYG988PUQ,0.2974055173882206,0.0009990009990009,6.295933255808967,movieTP,hbn,,137.188224,0.2765523740200803,11.432352,U12,Female,518.0,HBNsiteCBIC
sub-NDARYH697TPA,0.4699147524262637,0.0009990009990009,9.152874649327972,movieTP,hbn,,106.394244,0.1927217029349397,8.866187,U09,Female,519.0,HBNsiteCBIC
sub-NDARYM063XB8,0.2293810267851048,0.0009990009990009,4.615864101941507,movieTP,hbn,,166.558512,0.2267505749919678,13.879876,U14,Male,520.0,HBNsiteCBIC
sub-NDARYX133FFQ,0.4057464062071467,0.0009990009990009,7.838702824392,movieTP,hbn,,91.74264,0.1261053211365461,7.64522,U08,Female,521.0,HBNsiteCBIC
sub-NDARYX853TAX,0.0233423692545374,0.6383616383616384,0.4619367020681476,movieTP,hbn,,105.90142800000001,0.1448680329102262,8.825119,U09,Male,522.0,HBNsiteCUNY
sub-NDARZB517KTU,0.3441320865959182,0.0009990009990009,6.962710223915248,movieTP,hbn,,152.59548,0.1586042381791164,12.71629,U13,Male,523.0,HBNsiteCBIC
sub-NDARZE963MEU,0.3478187624079299,0.0009990009990009,6.728111249235712,movieTP,hbn,,183.938388,0.1657370253105622,15.328199,U16,Female,524.0,HBNsiteCBIC
sub-NDARZM903TNL,0.4410631966790702,0.0009990009990009,9.094005082609732,movieTP,hbn,,115.036272,0.1503549149313252,9.586356,U10,Female,525.0,HBNsiteCBIC
sub-NDARZW873DN3,0.3440645203881394,0.0009990009990009,6.879332544724136,movieTP,hbn,,161.236128,0.15799002875502,13.436344,U14,Female,526.0,HBNsiteCBIC
0.0,-0.0906232616678741,0.0749250749250749,-1.8227714283175007,aeronaut,adult_restmovie,19.0,228.0,,,,,,
1.0,0.5274491288868365,0.0009990009990009,10.97096012988513,aeronaut,adult_restmovie,23.0,276.0,,,,,,
2.0,0.4165261623350049,0.0009990009990009,8.20896317060754,aeronaut,adult_restmovie,19.0,228.0,,,,,,
3.0,0.3228276173852734,0.0009990009990009,6.5323159162281454,aeronaut,adult_restmovie,28.0,336.0,,,,,,
4.0,0.684290917733146,0.0009990009990009,13.997298101635671,aeronaut,adult_restmovie,29.0,348.0,,,,,,
5.0,-0.0171608753375522,0.7512487512487512,-0.3574145976907977,aeronaut,adult_restmovie,19.0,228.0,,,,,,
6.0,0.3405396121542536,0.0009990009990009,6.670645766949488,aeronaut,adult_restmovie,19.0,228.0,,,,,,
7.0,0.5423845541466012,0.0009990009990009,10.8309882326657,aeronaut,adult_restmovie,19.0,228.0,,,,,,
8.0,0.3197887887194247,0.0009990009990009,6.477367036664592,aeronaut,adult_restmovie,20.0,240.0,,,,,,
9.0,0.4657324177003045,0.0009990009990009,9.06713617939638,aeronaut,adult_restmovie,22.0,264.0,,,,,,
10.0,0.1365771769658752,0.0069930069930069,2.722141677909642,aeronaut,adult_restmovie,20.0,240.0,,,,,,
s8687_1_3,0.2563458668033559,0.0009990009990009,5.090046236679232,aeronaut,infant_restmovie,11.0,11.0,,,,,0.0,
s8687_1_4,0.0323615302088024,0.5274725274725275,0.633813375366511,aeronaut,infant_restmovie,14.5,14.5,,,,,1.0,
s8687_1_5,0.1888351106315178,0.0009990009990009,3.700046056791364,aeronaut,infant_restmovie,17.1,17.1,,,,,2.0,
s8687_1_7,-0.0605704396129466,0.2317682317682317,-1.21894721945983,aeronaut,infant_restmovie,20.1,20.1,,,,,3.0,
s8687_2_1,-0.2650041984748416,0.0009990009990009,-5.314775906352225,aeronaut,infant_restmovie,10.7,10.7,,,,,4.0,
s6687_1_3,-0.3271661954516097,0.0009990009990009,-6.525147060033168,aeronaut,infant_restmovie,11.3,11.3,,,,,5.0,
s6687_1_4,0.2267362473336939,0.0009990009990009,4.6937767677634685,aeronaut,infant_restmovie,15.4,15.4,,,,,6.0,
s6687_1_5,-0.1681768771150958,0.0019980019980019,-3.304133007692437,aeronaut,infant_restmovie,18.1,18.1,,,,,7.0,
s6687_1_6,-0.0556223739927213,0.2697302697302697,-1.098688700276801,aeronaut,infant_restmovie,20.1,20.1,,,,,8.0,
s4607_1_5,-0.2068582111668806,0.0009990009990009,-4.042704105944786,aeronaut,infant_restmovie,14.1,14.1,,,,,9.0,
s6607_1_2,0.2277873934616941,0.0009990009990009,4.484222596160143,aeronaut,infant_restmovie,7.4,7.4,,,,,10.0,
s0607_1_2,0.1025271083725756,0.0369630369630369,2.036900340065692,aeronaut,infant_restmovie,12.7,12.7,,,,,11.0,
s1607_1_4,0.1891449020226674,0.0009990009990009,3.855549847204858,aeronaut,infant_restmovie,14.4,14.4,,,,,12.0,
s3607_1_2,-0.0276457294573409,0.5774225774225774,-0.5539116140307111,aeronaut,infant_restmovie,10.4,10.4,,,,,13.0,
s2057_1_2,-0.2064753786105348,0.0009990009990009,-4.043738147811512,aeronaut,infant_restmovie,7.7,7.7,,,,,14.0,
s6057_1_1,-0.1861306474175646,0.0009990009990009,-3.831028078713267,aeronaut,infant_restmovie,3.6,3.6,,,,,15.0,
s6057_1_2,-0.2203099107715375,0.0009990009990009,-4.376196973259512,aeronaut,infant_restmovie,7.6,7.6,,,,,16.0,
s0057_1_3,0.0711308846586186,0.1818181818181818,1.385511250018144,aeronaut,infant_restmovie,9.0,9.0,,,,,17.0,
s7017_1_1,0.1318071184967255,0.0059940059940059,2.650870983105809,aeronaut,infant_restmovie,5.2,5.2,,,,,18.0,
s7017_1_2,-0.1236431687934207,0.0119880119880119,-2.5928958062640435,aeronaut,infant_restmovie,6.6,6.6,,,,,19.0,
s8037_1_2,-0.0863209024765566,0.0849150849150849,-1.7622858959066068,aeronaut,infant_restmovie,12.2,12.2,,,,,20.0,
s2037_1_2,-0.2397339768052037,0.0009990009990009,-4.845607963034026,aeronaut,infant_restmovie,6.5,6.5,,,,,21.0,
s5037_1_1,0.0564283819959351,0.2617382617382617,1.1502082214006075,aeronaut,infant_restmovie,8.7,8.7,,,,,22.0,
s7067_1_3,0.0347379108012373,0.4965034965034965,0.6481122195218247,aeronaut,infant_restmovie,9.2,9.2,,,,,23.0,
s4047_1_1,-0.1547908440468946,0.0029970029970029,-2.932273727563444,aeronaut,infant_restmovie,5.5,5.5,,,,,24.0,
s3097_1_1,0.025096329526165,0.6143856143856143,0.497568314901516,aeronaut,infant_restmovie,3.9,3.9,,,,,25.0,
